wedge,makepatch_call_count,deletepatch_call_count
0,42,28
1,62,48
2,82,67
3,52,33
4,75,58
5,96,77
6,98,78
7,68,46
8,98,78
9,117,93
10,99,81
11,52,32
12,69,51
13,80,63
14,48,25
15,107,88
16,101,81
17,108,85
18,67,53
19,79,65
20,76,57
21,51,36
22,60,44
23,106,89
24,87,69
25,93,77
26,75,57
27,68,50
28,70,52
29,136,116
30,65,48
31,92,75
32,104,83
33,71,55
34,88,71
35,75,57
36,112,90
37,67,50
38,68,51
39,74,57
40,105,86
41,111,94
42,128,98
43,125,104
44,96,75
45,84,65
46,136,117
47,85,67
48,55,36
49,63,44
50,53,35
51,119,94
52,77,58
53,111,91
54,90,66
55,70,54
56,121,102
57,68,51
58,92,76
59,69,52
60,75,60
61,70,54
62,81,65
63,68,49
64,63,47
65,107,89
66,82,68
67,93,75
68,107,87
69,72,56
70,47,31
71,65,51
72,65,45
73,96,76
74,48,33
75,91,73
76,57,39
77,75,53
78,86,69
79,72,57
80,107,91
81,52,34
82,63,45
83,95,80
84,61,47
85,49,34
86,89,76
87,97,78
88,55,40
89,83,66
90,88,70
91,110,89
92,89,68
93,32,15
94,41,26
95,88,71
96,39,27
97,56,44
98,110,95
99,81,64
100,93,73
101,102,85
102,69,53
103,97,76
104,101,80
105,43,27
106,101,75
107,96,68
108,89,71
109,127,106
110,110,89
111,61,42
112,70,50
113,92,75
114,78,59
115,102,80
116,91,69
117,111,89
118,83,62
119,58,41
120,100,79
121,121,100
122,89,69
123,81,57
124,116,95
125,61,42
126,49,29
127,101,83
128,48,34
129,65,51
130,57,43
131,55,43
132,53,41
133,57,44
134,52,40
135,44,33
136,65,50
137,55,41
138,75,62
139,86,71
140,37,23
141,23,9
142,75,57
143,18,7
144,48,33
145,74,56
146,59,41
147,52,37
148,51,35
149,43,28
150,50,36
151,120,103
152,99,85
153,23,10
154,79,61
155,60,44
156,48,33
157,65,50
158,54,38
159,82,68
160,51,32
161,72,54
162,64,45
163,56,38
164,80,64
165,112,92
166,99,84
167,54,40
168,79,57
169,48,33
170,88,71
171,114,93
172,65,50
173,62,45
174,65,46
175,64,48
176,99,82
177,41,28
178,60,46
179,68,52
180,31,19
181,78,64
182,82,65
183,39,25
184,79,62
185,56,45
186,60,45
187,104,88
188,81,65
189,35,22
190,42,22
191,89,73
192,63,47
193,60,42
194,56,44
195,38,21
196,64,50
197,56,45
198,40,25
199,48,31
200,49,34
201,62,45
202,58,42
203,53,39
204,40,26
205,92,73
206,39,17
207,54,37
208,39,24
209,40,25
210,51,36
211,94,77
212,69,52
213,47,32
214,81,63
215,75,58
216,65,47
217,67,50
218,71,54
219,50,30
220,52,39
221,46,30
222,83,69
223,95,80
224,57,39
225,70,53
226,91,71
227,72,54
228,92,77
229,64,47
230,82,65
231,93,75
232,22,5
233,97,78
234,55,37
235,64,47
236,40,26
237,81,65
238,36,22
239,75,63
240,83,62
241,51,34
242,84,67
243,71,55
244,68,49
245,70,56
246,46,34
247,96,80
248,24,14
249,29,18
250,45,32
251,82,69
252,37,25
253,58,46
254,58,45
255,84,70
256,46,32
257,97,77
258,119,97
259,88,66
260,106,84
261,87,71
262,76,57
263,90,74
264,72,55
265,69,55
266,77,58
267,80,64
268,61,44
269,54,38
270,46,24
271,91,75
272,92,74
273,104,87
274,67,52
275,41,24
276,85,68
277,66,53
278,75,60
279,26,14
280,25,14
281,49,37
282,52,39
283,57,44
284,34,18
285,85,69
286,57,41
287,46,33
288,74,59
289,45,30
290,64,50
291,26,12
292,24,7
293,74,60
294,58,41
295,86,66
296,60,43
297,98,82
298,73,56
299,50,33
300,48,31
301,29,16
302,47,35
303,37,25
304,61,47
305,66,50
306,88,69
307,70,51
308,73,57
309,92,68
310,88,67
311,67,47
312,95,78
313,56,38
314,28,10
315,55,40
316,63,50
317,66,51
318,73,47
319,65,46
320,61,42
321,51,32
322,108,85
323,86,64
324,81,62
325,94,71
326,47,31
327,60,43
328,101,80
329,73,57
330,93,77
331,57,40
332,50,34
333,48,32
334,44,23
335,29,13
336,75,55
337,64,48
338,41,24
339,82,66
340,88,71
341,80,66
342,55,38
343,47,32
344,29,15
345,51,35
346,44,30
347,56,39
348,73,57
349,97,79
350,37,23
351,47,32
352,110,90
353,33,20
354,36,20
355,29,13
356,78,62
357,48,33
358,50,36
359,102,83
360,64,51
361,57,44
362,97,79
363,40,24
364,84,61
365,63,45
366,51,34
367,77,63
368,62,47
369,93,76
370,134,114
371,63,43
372,55,35
373,56,35
374,100,82
375,37,15
376,88,73
377,68,53
378,46,29
379,53,39
380,72,53
381,50,31
382,101,82
383,70,54
384,27,17
385,69,52
386,29,12
387,98,85
388,59,45
389,91,78
390,43,26
391,65,45
392,73,52
393,87,68
394,74,54
395,93,73
396,46,27
397,61,45
398,72,55
399,69,52
400,46,29
401,32,19
402,71,59
403,38,23
404,69,52
405,52,36
406,43,32
407,56,39
408,67,50
409,90,73
410,49,33
411,74,57
412,97,74
413,114,95
414,71,53
415,67,49
416,79,64
417,83,67
418,115,93
419,131,101
420,101,84
421,87,66
422,78,60
423,61,41
424,30,17
425,115,96
426,76,58
427,39,25
428,73,55
429,46,29
430,53,37
431,131,111
432,78,58
433,72,58
434,37,23
435,60,44
436,90,74
437,85,69
438,73,55
439,67,48
440,75,62
441,79,63
442,41,22
443,70,55
444,85,67
445,53,36
446,65,49
447,64,49
448,86,64
449,88,75
450,37,19
451,66,50
452,68,55
453,85,67
454,49,30
455,103,80
456,109,90
457,75,53
458,129,105
459,69,53
460,54,38
461,84,67
462,78,64
463,78,57
464,60,42
465,88,72
466,57,43
467,59,41
468,105,87
469,27,12
470,67,54
471,66,51
472,48,33
473,44,27
474,87,67
475,58,41
476,75,51
477,91,70
478,102,79
479,109,88
480,73,53
481,78,60
482,38,20
483,115,91
484,76,61
485,89,71
486,58,43
487,64,49
488,42,28
489,83,66
490,58,40
491,84,68
492,92,72
493,70,54
494,75,56
495,76,57
496,102,85
497,94,78
498,61,47
499,80,63
500,117,99
501,39,23
502,60,43
503,112,94
504,63,46
505,86,68
506,90,72
507,81,64
508,67,47
509,87,69
510,84,62
511,85,65
512,11,0
513,93,79
514,68,49
515,93,76
516,85,66
517,78,56
518,119,101
519,126,110
520,66,47
521,79,59
522,105,87
523,32,15
524,65,49
525,67,51
526,92,76
527,50,36
528,93,75
529,45,29
530,53,33
531,69,51
532,48,31
533,116,99
534,66,51
535,64,46
536,86,71
537,55,39
538,78,64
539,62,42
540,104,83
541,96,77
542,85,65
543,80,66
544,74,55
545,36,23
546,80,63
547,102,82
548,112,93
549,71,52
550,61,45
551,101,85
552,109,90
553,98,79
554,56,39
555,74,55
556,31,17
557,43,28
558,109,92
559,99,81
560,77,60
561,78,57
562,62,47
563,84,69
564,50,37
565,20,10
566,56,44
567,45,33
568,78,64
569,54,40
570,59,47
571,65,52
572,82,66
573,82,66
574,61,46
575,60,46
576,81,64
577,83,66
578,78,62
579,57,44
580,104,88
581,49,33
582,87,71
583,76,57
584,51,35
585,88,73
586,102,83
587,86,68
588,87,73
589,68,54
590,53,36
591,69,56
592,79,66
593,73,60
594,90,75
595,63,49
596,40,26
597,73,56
598,89,69
599,104,86
600,52,35
601,105,89
602,64,48
603,101,80
604,65,47
605,54,37
606,75,62
607,69,57
608,58,44
609,39,24
610,77,62
611,88,69
612,58,37
613,80,62
614,56,42
615,60,42
616,92,73
617,42,29
618,42,29
619,71,58
620,88,71
621,54,37
622,84,68
623,88,70
624,68,51
625,73,55
626,83,63
627,83,61
628,47,32
629,59,41
630,77,62
631,77,61
632,56,40
633,49,36
634,57,43
635,61,49
636,25,8
637,48,33
638,65,55
639,39,24
640,33,23
641,85,69
642,28,13
643,77,63
644,52,37
645,69,54
646,72,54
647,62,49
648,77,63
649,58,45
650,55,42
651,81,66
652,91,77
653,47,33
654,45,31
655,49,38
656,76,61
657,78,65
658,34,15
659,50,32
660,48,31
661,76,57
662,79,63
663,74,57
664,69,52
665,63,45
666,65,49
667,71,56
668,55,41
669,70,54
670,81,66
671,67,54
672,87,74
673,52,37
674,60,44
675,79,60
676,42,27
677,55,37
678,91,79
679,53,38
680,37,25
681,52,36
682,84,68
683,60,44
684,54,41
685,71,57
686,72,57
687,47,31
688,16,0
689,61,45
690,96,78
691,73,57
692,37,23
693,109,91
694,82,65
695,104,86
696,39,26
697,70,55
698,51,35
699,32,15
700,47,35
701,80,64
702,61,43
703,61,44
704,86,72
705,40,22
706,76,62
707,68,54
708,30,16
709,39,26
710,69,55
711,35,22
712,62,50
713,75,58
714,80,60
715,66,48
716,113,99
717,69,55
718,24,8
719,71,53
720,57,38
721,78,63
722,101,81
723,87,69
724,84,68
725,76,56
726,66,49
727,67,46
728,69,53
729,151,135
730,81,61
731,48,33
732,43,27
733,74,57
734,69,48
735,82,63
736,72,52
737,124,105
738,81,60
739,88,66
740,70,52
741,67,45
742,50,33
743,48,29
744,32,16
745,64,49
746,61,44
747,57,43
748,60,46
749,56,44
750,58,47
751,55,43
752,48,34
753,27,14
754,26,16
755,73,56
756,91,76
757,74,57
758,65,49
759,58,43
760,54,39
761,76,57
762,50,32
763,48,32
764,28,14
765,65,50
766,79,61
767,52,37
768,66,52
769,50,33
770,67,48
771,67,49
772,73,52
773,46,33
774,26,7
775,69,53
776,154,130
777,44,28
778,127,109
779,71,51
780,52,34
781,93,72
782,68,44
783,64,40
784,111,87
785,136,117
786,48,31
787,111,89
788,54,36
789,93,74
790,57,40
791,49,34
792,69,55
793,91,77
794,76,58
795,123,99
796,77,57
797,126,106
798,67,47
799,97,81
800,76,58
801,98,81
802,61,44
803,43,25
804,51,35
805,83,68
806,44,27
807,74,56
808,72,55
809,81,59
810,95,77
811,65,50
812,65,52
813,33,15
814,60,43
815,107,89
816,92,74
817,57,42
818,62,46
819,57,43
820,74,60
821,102,86
822,33,18
823,97,79
824,73,51
825,54,37
826,39,25
827,60,47
828,142,123
829,79,64
830,77,63
831,63,44
832,90,70
833,87,67
834,89,68
835,113,92
836,51,33
837,89,69
838,50,27
839,60,39
840,80,59
841,65,48
842,101,84
843,45,26
844,113,95
845,99,77
846,87,59
847,63,44
848,83,62
849,101,82
850,41,26
851,79,61
852,72,51
853,87,69
854,61,42
855,109,89
856,118,101
857,45,24
858,55,39
859,63,43
860,82,62
861,103,81
862,103,83
863,89,71
864,67,50
865,82,67
866,63,48
867,86,71
868,71,54
869,75,60
870,48,30
871,66,52
872,63,42
873,89,70
874,84,66
875,40,26
876,46,32
877,41,28
878,72,57
879,40,26
880,69,54
881,83,66
882,61,44
883,94,73
884,77,58
885,82,65
886,46,25
887,123,102
888,75,58
889,28,7
890,61,44
891,102,86
892,99,77
893,73,56
894,59,42
895,83,65
896,51,40
897,58,43
898,52,35
899,57,40
900,79,62
901,54,35
902,33,18
903,67,53
904,71,52
905,90,74
906,85,69
907,44,29
908,53,36
909,88,71
910,79,63
911,63,46
912,63,47
913,31,14
914,72,56
915,110,92
916,71,51
917,93,69
918,102,79
919,90,74
920,89,72
921,81,66
922,34,19
923,54,38
924,76,58
925,26,14
926,52,35
927,49,30
928,80,62
929,27,11
930,41,28
931,42,29
932,55,40
933,26,15
934,73,59
935,29,18
936,37,26
937,32,19
938,74,62
939,50,37
940,39,25
941,69,54
942,52,40
943,49,31
944,77,64
945,52,34
946,53,35
947,71,55
948,54,39
949,57,46
950,45,31
951,51,38
952,67,53
953,58,44
954,92,75
955,58,43
956,29,17
957,66,51
958,72,57
959,32,19
960,50,37
961,63,48
962,79,66
963,34,20
964,49,36
965,63,46
966,69,49
967,69,59
968,60,48
969,52,37
970,74,58
971,66,47
972,84,68
973,92,76
974,110,88
975,70,53
976,56,42
977,85,68
978,57,40
979,87,68
980,71,56
981,71,55
982,61,42
983,63,46
984,55,41
985,46,32
986,69,54
987,47,32
988,90,73
989,60,41
990,101,83
991,70,57
992,69,54
993,68,52
994,56,39
995,64,52
996,56,41
997,63,48
998,80,64
999,25,7
1000,75,55
1001,66,47
1002,73,53
1003,64,48
1004,48,33
1005,84,66
1006,115,94
1007,78,62
1008,92,76
1009,42,27
1010,87,68
1011,66,48
1012,108,90
1013,58,45
1014,75,62
1015,41,25
1016,66,50
1017,73,59
1018,73,58
1019,93,74
1020,49,34
1021,66,54
1022,35,22
1023,67,51
1024,36,26
1025,32,21
1026,24,11
1027,40,27
1028,40,28
1029,83,71
1030,63,49
1031,44,33
1032,39,26
1033,69,56
1034,38,24
1035,56,41
1036,61,48
1037,55,39
1038,75,60
1039,57,42
1040,74,62
1041,91,76
1042,83,67
1043,79,63
1044,73,53
1045,76,60
1046,76,60
1047,67,50
1048,77,64
1049,43,29
1050,50,36
1051,80,65
1052,103,87
1053,64,40
1054,69,48
1055,106,84
1056,72,53
1057,108,87
1058,68,45
1059,98,79
1060,45,29
1061,52,38
1062,74,59
1063,50,31
1064,76,57
1065,56,44
1066,63,47
1067,74,58
1068,69,53
1069,74,56
1070,47,32
1071,57,41
1072,63,50
1073,37,23
1074,59,42
1075,56,39
1076,74,59
1077,49,32
1078,49,33
1079,43,31
1080,66,53
1081,78,65
1082,83,66
1083,45,29
1084,44,26
1085,76,61
1086,52,35
1087,29,15
1088,60,47
1089,39,21
1090,53,41
1091,84,68
1092,39,25
1093,47,30
1094,65,45
1095,58,45
1096,36,22
1097,56,42
1098,52,40
1099,30,17
1100,65,52
1101,81,66
1102,29,16
1103,35,19
1104,85,74
1105,31,18
1106,51,33
1107,61,43
1108,87,73
1109,49,37
1110,53,36
1111,65,49
1112,68,49
1113,86,70
1114,80,62
1115,67,52
1116,75,56
1117,56,37
1118,96,76
1119,63,44
1120,76,55
1121,97,78
1122,55,38
1123,70,55
1124,102,84
1125,106,89
1126,72,51
1127,92,68
1128,100,74
1129,59,41
1130,62,46
1131,99,81
1132,89,70
1133,112,94
1134,106,82
1135,119,98
1136,57,39
1137,117,96
1138,88,66
1139,64,46
1140,38,20
1141,110,90
1142,82,64
1143,55,40
1144,79,58
1145,80,64
1146,44,30
1147,56,39
1148,65,48
1149,88,69
1150,67,54
1151,51,37
1152,16,6
1153,46,28
1154,68,49
1155,47,32
1156,91,70
1157,69,55
1158,61,43
1159,60,43
1160,81,61
1161,47,27
1162,71,47
1163,118,97
1164,79,63
1165,57,39
1166,83,65
1167,108,87
1168,85,62
1169,62,43
1170,99,77
1171,119,100
1172,100,84
1173,86,67
1174,74,55
1175,78,60
1176,62,41
1177,33,18
1178,97,81
1179,121,101
1180,43,28
1181,59,46
1182,68,48
1183,51,35
1184,85,68
1185,70,57
1186,59,45
1187,67,55
1188,44,30
1189,70,51
1190,50,34
1191,89,74
1192,103,84
1193,76,56
1194,115,95
1195,101,79
1196,112,93
1197,88,69
1198,82,67
1199,74,56
1200,58,42
1201,81,63
1202,63,45
1203,56,45
1204,63,50
1205,41,25
1206,85,72
1207,80,62
1208,77,55
1209,100,83
1210,42,24
1211,67,45
1212,137,118
1213,71,54
1214,44,27
1215,76,57
1216,57,35
1217,92,73
1218,100,79
1219,93,76
1220,87,66
1221,53,32
1222,95,79
1223,56,36
1224,84,65
1225,63,44
1226,45,22
1227,73,51
1228,46,28
1229,94,71
1230,56,36
1231,71,52
1232,64,41
1233,95,78
1234,71,53
1235,77,62
1236,74,58
1237,53,38
1238,46,30
1239,85,67
1240,76,54
1241,101,83
1242,103,83
1243,66,48
1244,73,52
1245,79,54
1246,94,71
1247,45,24
1248,69,49
1249,48,35
1250,71,53
1251,83,67
1252,35,18
1253,38,23
1254,49,36
1255,59,44
1256,69,51
1257,72,58
1258,37,23
1259,92,75
1260,75,60
1261,90,75
1262,61,44
1263,42,23
1264,66,52
1265,84,62
1266,50,34
1267,91,80
1268,46,31
1269,79,67
1270,69,53
1271,73,58
1272,80,61
1273,106,89
1274,73,55
1275,75,57
1276,52,33
1277,95,77
1278,47,26
1279,56,32
1280,84,72
1281,62,46
1282,82,66
1283,135,115
1284,102,82
1285,125,108
1286,66,46
1287,81,59
1288,122,103
1289,81,61
1290,64,50
1291,75,59
1292,52,35
1293,60,46
1294,74,60
1295,54,40
1296,60,42
1297,54,39
1298,94,77
1299,55,38
1300,94,81
1301,74,59
1302,49,36
1303,21,10
1304,70,56
1305,59,47
1306,84,70
1307,50,36
1308,44,32
1309,59,46
1310,24,8
1311,73,55
1312,107,89
1313,79,61
1314,22,8
1315,75,55
1316,75,58
1317,98,81
1318,54,38
1319,78,59
1320,35,18
1321,79,61
1322,65,50
1323,76,58
1324,121,103
1325,103,83
1326,117,95
1327,97,81
1328,82,64
1329,49,31
1330,51,35
1331,41,29
1332,47,30
1333,60,46
1334,79,59
1335,68,49
1336,55,38
1337,47,30
1338,69,52
1339,91,72
1340,77,59
1341,43,28
1342,99,77
1343,88,70
1344,93,74
1345,77,59
1346,89,72
1347,98,79
1348,69,51
1349,95,77
1350,50,35
1351,79,61
1352,113,96
1353,148,129
1354,53,36
1355,63,46
1356,86,67
1357,43,27
1358,80,64
1359,89,69
1360,43,29
1361,74,58
1362,53,41
1363,85,72
1364,39,26
1365,37,22
1366,17,6
1367,47,30
1368,67,55
1369,43,28
1370,14,0
1371,80,66
1372,38,27
1373,63,48
1374,33,20
1375,61,48
1376,48,35
1377,30,17
1378,58,44
1379,58,42
1380,77,57
1381,121,100
1382,55,34
1383,105,84
1384,70,51
1385,81,66
1386,67,52
1387,80,67
1388,92,76
1389,81,62
1390,43,26
1391,87,75
1392,58,45
1393,76,61
1394,51,35
1395,72,56
1396,52,36
1397,55,40
1398,27,9
1399,83,67
1400,79,65
1401,50,36
1402,56,44
1403,48,33
1404,45,35
1405,64,52
1406,80,65
1407,80,66
1408,66,54
1409,61,42
1410,83,67
1411,50,33
1412,44,26
1413,70,53
1414,27,12
1415,56,41
1416,37,23
1417,84,68
1418,75,61
1419,69,51
1420,52,34
1421,172,151
1422,81,67
1423,79,62
1424,59,38
1425,31,16
1426,97,77
1427,68,52
1428,65,45
1429,89,70
1430,99,80
1431,114,94
1432,138,116
1433,67,47
1434,70,57
1435,70,54
1436,23,7
1437,63,49
1438,54,38
1439,82,64
1440,70,56
1441,54,38
1442,60,44
1443,77,60
1444,54,36
1445,77,64
1446,49,33
1447,73,59
1448,86,71
1449,53,39
1450,57,40
1451,80,63
1452,72,53
1453,67,45
1454,102,85
1455,119,100
1456,51,38
1457,61,41
1458,60,43
1459,75,55
1460,65,51
1461,61,45
1462,55,41
1463,64,50
1464,69,52
1465,49,34
1466,53,33
1467,43,27
1468,72,52
1469,76,56
1470,62,45
1471,48,34
1472,75,61
1473,77,59
1474,55,39
1475,85,70
1476,71,55
1477,64,50
1478,39,19
1479,73,56
1480,46,31
1481,88,68
1482,140,119
1483,112,88
1484,109,88
1485,120,98
1486,96,79
1487,92,75
1488,44,21
1489,94,73
1490,100,85
1491,86,70
1492,64,44
1493,101,81
1494,83,66
1495,94,74
1496,74,58
1497,73,55
1498,63,48
1499,67,48
1500,70,53
1501,69,53
1502,68,49
1503,128,108
1504,60,42
1505,69,50
1506,95,80
1507,119,102
1508,88,71
1509,51,34
1510,55,39
1511,66,51
1512,49,38
1513,56,42
1514,68,53
1515,74,58
1516,76,56
1517,80,63
1518,53,39
1519,61,38
1520,97,77
1521,73,53
1522,55,39
1523,48,32
1524,86,70
1525,91,77
1526,83,61
1527,87,70
1528,73,55
1529,67,50
1530,44,26
1531,77,58
1532,86,67
1533,118,99
1534,66,48
1535,41,24
1536,70,57
1537,77,55
1538,55,37
1539,120,101
1540,96,81
1541,80,64
1542,70,53
1543,49,31
1544,110,92
1545,72,55
1546,66,46
1547,95,77
1548,118,99
1549,82,61
1550,60,39
1551,87,63
1552,78,61
1553,66,48
1554,73,56
1555,99,82
1556,99,82
1557,103,81
1558,103,82
1559,107,86
1560,129,109
1561,106,86
1562,113,93
1563,105,83
1564,96,78
1565,133,108
1566,137,118
1567,66,50
1568,83,62
1569,73,54
1570,94,74
1571,71,51
1572,95,73
1573,93,75
1574,60,38
1575,85,68
1576,75,57
1577,72,47
1578,50,32
1579,72,59
1580,86,64
1581,87,70
1582,65,51
1583,90,75
1584,115,94
1585,99,80
1586,112,87
1587,64,42
1588,86,66
1589,135,112
1590,77,55
1591,80,63
1592,130,108
1593,87,69
1594,87,66
1595,59,46
1596,79,61
1597,87,71
1598,68,48
1599,129,103
1600,119,97
1601,118,93
1602,97,77
1603,189,167
1604,133,112
1605,70,53
1606,64,44
1607,57,43
1608,28,13
1609,79,66
1610,82,62
1611,96,80
1612,25,9
1613,109,89
1614,103,80
1615,84,67
1616,90,72
1617,82,63
1618,120,101
1619,67,49
1620,86,67
1621,82,64
1622,77,59
1623,96,78
1624,121,101
1625,107,86
1626,65,43
1627,115,93
1628,79,60
1629,84,64
1630,76,55
1631,90,69
1632,120,98
1633,55,38
1634,72,57
1635,56,35
1636,74,60
1637,82,64
1638,58,40
1639,102,85
1640,76,61
1641,54,36
1642,86,68
1643,114,95
1644,105,81
1645,99,80
1646,123,107
1647,86,69
1648,105,84
1649,57,40
1650,93,71
1651,84,59
1652,122,96
1653,91,69
1654,78,60
1655,43,27
1656,55,40
1657,75,59
1658,100,83
1659,112,93
1660,91,71
1661,80,62
1662,55,35
1663,108,89
1664,110,92
1665,83,63
1666,77,58
1667,86,68
1668,75,57
1669,79,61
1670,53,39
1671,83,69
1672,77,61
1673,110,92
1674,99,83
1675,60,46
1676,60,40
1677,85,70
1678,57,40
1679,70,49
1680,69,54
1681,80,59
1682,77,64
1683,78,64
1684,80,61
1685,75,57
1686,118,97
1687,50,36
1688,97,78
1689,52,34
1690,66,50
1691,49,38
1692,80,60
1693,99,83
1694,124,104
1695,90,72
1696,48,35
1697,34,16
1698,33,18
1699,41,28
1700,45,27
1701,64,50
1702,71,55
1703,69,51
1704,67,50
1705,62,44
1706,59,44
1707,49,36
1708,33,20
1709,42,27
1710,73,58
1711,122,102
1712,82,65
1713,68,51
1714,97,76
1715,44,28
1716,82,64
1717,68,54
1718,43,30
1719,61,46
1720,55,37
1721,82,67
1722,50,37
1723,52,39
1724,69,54
1725,52,39
1726,71,58
1727,36,23
1728,44,28
1729,43,31
1730,57,43
1731,81,67
1732,117,101
1733,67,47
1734,76,54
1735,65,47
1736,117,98
1737,57,40
1738,62,48
1739,83,67
1740,34,17
1741,92,73
1742,97,76
1743,61,40
1744,65,49
1745,75,58
1746,72,53
1747,55,41
1748,34,18
1749,60,44
1750,91,75
1751,103,85
1752,114,94
1753,60,42
1754,51,32
1755,68,54
1756,70,52
1757,80,63
1758,67,47
1759,76,60
1760,84,66
1761,113,94
1762,46,33
1763,82,68
1764,82,65
1765,60,46
1766,82,66
1767,37,19
1768,74,58
1769,41,26
1770,55,39
1771,55,38
1772,61,43
1773,46,31
1774,84,68
1775,52,40
1776,78,63
1777,45,34
1778,81,68
1779,54,38
1780,86,69
1781,62,47
1782,78,61
1783,55,37
1784,87,71
1785,86,71
1786,65,48
1787,104,86
1788,53,34
1789,103,85
1790,76,58
1791,57,40
1792,47,33
1793,58,41
1794,59,45
1795,40,25
1796,84,68
1797,129,110
1798,83,67
1799,124,105
1800,72,54
1801,57,42
1802,41,28
1803,66,48
1804,38,24
1805,64,50
1806,51,37
1807,66,51
1808,88,70
1809,96,78
1810,76,58
1811,116,94
1812,67,51
1813,63,47
1814,48,33
1815,60,48
1816,40,27
1817,62,44
1818,43,26
1819,84,65
1820,76,55
1821,58,41
1822,67,49
1823,103,86
1824,99,80
1825,58,42
1826,75,58
1827,80,62
1828,114,95
1829,78,61
1830,114,89
1831,59,40
1832,68,49
1833,57,40
1834,63,47
1835,46,32
1836,93,75
1837,56,39
1838,76,62
1839,47,34
1840,71,56
1841,81,67
1842,58,44
1843,76,63
1844,72,57
1845,48,30
1846,33,18
1847,82,63
1848,50,33
1849,84,69
1850,57,40
1851,86,69
1852,67,50
1853,101,83
1854,93,73
1855,73,55
1856,86,68
1857,74,57
1858,81,63
1859,88,69
1860,73,55
1861,113,90
1862,89,70
1863,167,144
1864,37,19
1865,127,107
1866,53,36
1867,91,66
1868,92,70
1869,88,69
1870,41,22
1871,62,44
1872,114,89
1873,96,72
1874,105,81
1875,86,65
1876,112,93
1877,33,11
1878,92,74
1879,95,75
1880,90,70
1881,97,77
1882,71,51
1883,129,104
1884,56,37
1885,74,56
1886,82,59
1887,103,86
1888,62,45
1889,85,67
1890,39,25
1891,114,99
1892,66,48
1893,48,31
1894,71,54
1895,68,53
1896,70,54
1897,66,52
1898,42,26
1899,52,35
1900,35,21
1901,58,44
1902,65,49
1903,64,48
1904,81,63
1905,89,72
1906,47,28
1907,67,50
1908,39,26
1909,49,34
1910,55,43
1911,67,53
1912,87,74
1913,25,10
1914,73,52
1915,74,54
1916,57,34
1917,103,85
1918,72,52
1919,76,58
1920,72,57
1921,20,0
1922,59,41
1923,56,37
1924,52,37
1925,98,82
1926,75,61
1927,88,69
1928,47,33
1929,60,40
1930,70,48
1931,90,70
1932,90,71
1933,65,48
1934,51,35
1935,87,70
1936,79,61
1937,52,33
1938,95,76
1939,60,41
1940,44,24
1941,43,28
1942,53,39
1943,73,56
1944,66,47
1945,93,77
1946,70,52
1947,46,31
1948,56,37
1949,105,83
1950,86,69
1951,48,27
1952,95,79
1953,82,63
1954,96,79
1955,66,52
1956,113,95
1957,110,93
1958,50,37
1959,45,23
1960,84,64
1961,83,66
1962,13,0
1963,67,51
1964,80,63
1965,75,62
1966,61,44
1967,74,58
1968,69,50
1969,130,108
1970,73,61
1971,85,64
1972,102,83
1973,41,23
1974,70,55
1975,87,66
1976,77,58
1977,77,58
1978,80,58
1979,123,105
1980,90,71
1981,68,52
1982,89,70
1983,58,39
1984,98,75
1985,31,13
1986,34,16
1987,42,23
1988,111,90
1989,48,33
1990,53,32
1991,60,39
1992,78,58
1993,53,36
1994,66,43
1995,85,62
1996,72,53
1997,112,94
1998,63,43
1999,96,76
2000,98,79
2001,117,93
2002,101,80
2003,118,96
2004,37,18
2005,57,41
2006,76,61
2007,62,46
2008,71,53
2009,120,101
2010,108,94
2011,61,47
2012,86,67
2013,89,73
2014,73,57
2015,93,74
2016,74,59
2017,104,83
2018,61,40
2019,66,49
2020,74,58
2021,108,91
2022,69,54
2023,69,52
2024,81,66
2025,113,96
2026,58,42
2027,64,45
2028,89,70
2029,88,65
2030,97,75
2031,80,62
2032,112,92
2033,64,50
2034,57,43
2035,75,57
2036,68,56
2037,55,39
2038,82,64
2039,87,69
2040,66,50
2041,63,50
2042,59,42
2043,40,25
2044,40,26
2045,41,28
2046,69,54
2047,69,50
2048,40,28
2049,38,24
2050,70,53
2051,75,58
2052,38,23
2053,59,43
2054,74,57
2055,72,56
2056,89,72
2057,58,39
2058,47,26
2059,65,49
2060,37,25
2061,86,71
2062,62,51
2063,70,57
2064,40,30
2065,53,40
2066,77,60
2067,54,39
2068,45,25
2069,43,30
2070,65,49
2071,79,62
2072,43,23
2073,66,53
2074,52,36
2075,64,50
2076,68,54
2077,69,56
2078,40,30
2079,57,39
2080,36,23
2081,72,55
2082,87,73
2083,35,16
2084,36,17
2085,82,67
2086,53,36
2087,36,23
2088,93,76
2089,67,51
2090,55,43
2091,85,69
2092,65,44
2093,68,50
2094,86,67
2095,30,18
2096,52,37
2097,78,60
2098,84,64
2099,46,31
2100,60,42
2101,72,55
2102,63,49
2103,47,31
2104,108,90
2105,42,25
2106,115,98
2107,71,54
2108,43,28
2109,32,15
2110,64,47
2111,55,39
2112,72,54
2113,54,37
2114,98,84
2115,16,0
2116,79,62
2117,96,80
2118,72,56
2119,63,44
2120,84,69
2121,71,52
2122,80,60
2123,110,93
2124,94,78
2125,63,46
2126,52,35
2127,33,19
2128,95,81
2129,86,71
2130,73,55
2131,60,42
2132,101,83
2133,74,59
2134,75,59
2135,69,50
2136,100,86
2137,60,44
2138,38,21
2139,89,68
2140,47,30
2141,47,33
2142,44,31
2143,53,36
2144,55,38
2145,32,17
2146,84,66
2147,54,35
2148,63,46
2149,55,39
2150,60,44
2151,44,28
2152,70,54
2153,40,28
2154,71,54
2155,57,40
2156,67,49
2157,65,48
2158,76,58
2159,71,56
2160,56,42
2161,75,57
2162,89,71
2163,62,46
2164,68,52
2165,112,93
2166,61,44
2167,71,55
2168,88,67
2169,131,109
2170,77,57
2171,67,49
2172,50,33
2173,92,75
2174,98,80
2175,78,62
2176,26,17
2177,77,56
2178,77,58
2179,58,39
2180,97,81
2181,100,80
2182,88,74
2183,74,56
2184,88,71
2185,60,41
2186,51,34
2187,44,29
2188,71,55
2189,65,47
2190,38,20
2191,78,61
2192,59,48
2193,48,37
2194,30,11
2195,17,0
2196,67,49
2197,47,25
2198,69,52
2199,69,47
2200,55,40
2201,69,55
2202,33,23
2203,31,20
2204,44,30
2205,64,51
2206,40,26
2207,46,32
2208,88,75
2209,84,69
2210,83,65
2211,50,32
2212,86,70
2213,20,3
2214,44,28
2215,69,57
2216,91,73
2217,100,81
2218,68,49
2219,65,48
2220,56,38
2221,53,36
2222,29,15
2223,92,77
2224,64,47
2225,97,80
2226,50,31
2227,49,34
2228,74,56
2229,71,51
2230,88,70
2231,112,92
2232,128,110
2233,70,48
2234,63,41
2235,60,38
2236,121,100
2237,23,9
2238,48,32
2239,27,12
2240,71,53
2241,89,71
2242,56,37
2243,106,84
2244,81,62
2245,102,83
2246,44,29
2247,93,75
2248,41,23
2249,35,16
2250,69,50
2251,54,37
2252,111,89
2253,71,53
2254,88,69
2255,39,19
2256,59,43
2257,93,76
2258,73,57
2259,70,46
2260,62,40
2261,48,32
2262,56,39
2263,125,105
2264,25,9
2265,48,31
2266,36,25
2267,35,21
2268,72,57
2269,70,52
2270,47,34
2271,44,32
2272,40,27
2273,58,47
2274,53,39
2275,58,46
2276,102,87
2277,50,36
2278,49,31
2279,72,55
2280,68,52
2281,72,54
2282,43,25
2283,83,64
2284,83,65
2285,102,87
2286,62,49
2287,56,42
2288,97,78
2289,42,26
2290,61,40
2291,69,52
2292,107,86
2293,81,58
2294,74,52
2295,105,85
2296,131,109
2297,70,49
2298,114,92
2299,82,61
2300,62,41
2301,119,97
2302,65,45
2303,102,86
2304,39,28
2305,55,37
2306,111,90
2307,68,45
2308,59,42
2309,81,60
2310,102,84
2311,69,49
2312,96,79
2313,54,33
2314,80,61
2315,98,79
2316,104,84
2317,67,49
2318,82,62
2319,51,31
2320,101,81
2321,94,76
2322,52,34
2323,75,60
2324,46,29
2325,69,53
2326,63,49
2327,101,85
2328,73,59
2329,36,24
2330,98,79
2331,82,68
2332,50,38
2333,65,50
2334,35,18
2335,106,91
2336,56,45
2337,66,51
2338,68,49
2339,85,69
2340,62,46
2341,32,17
2342,75,57
2343,74,55
2344,58,39
2345,74,60
2346,99,77
2347,69,46
2348,82,62
2349,83,67
2350,90,72
2351,77,57
2352,85,69
2353,54,36
2354,46,30
2355,30,16
2356,21,4
2357,76,59
2358,69,49
2359,95,74
2360,113,96
2361,97,79
2362,64,44
2363,84,65
2364,63,46
2365,71,52
2366,116,96
2367,67,49
2368,54,37
2369,62,43
2370,95,75
2371,88,69
2372,110,92
2373,84,66
2374,53,35
2375,132,113
2376,108,86
2377,77,59
2378,86,70
2379,68,50
2380,103,84
2381,88,71
2382,25,11
2383,42,25
2384,69,54
2385,87,70
2386,70,53
2387,59,47
2388,132,112
2389,74,58
2390,54,35
2391,70,57
2392,53,40
2393,53,40
2394,88,71
2395,68,53
2396,58,45
2397,72,57
2398,47,33
2399,114,92
2400,58,43
2401,49,30
2402,100,83
2403,77,58
2404,39,23
2405,82,61
2406,63,47
2407,57,41
2408,94,74
2409,53,36
2410,46,26
2411,45,25
2412,66,52
2413,55,36
2414,82,68
2415,76,61
2416,83,70
2417,72,53
2418,16,0
2419,75,62
2420,35,21
2421,80,64
2422,90,69
2423,69,49
2424,95,77
2425,135,109
2426,59,40
2427,90,71
2428,122,102
2429,51,33
2430,73,58
2431,46,28
2432,65,53
2433,63,44
2434,128,106
2435,117,94
2436,98,80
2437,98,79
2438,59,42
2439,49,31
2440,100,80
2441,91,71
2442,93,74
2443,44,27
2444,32,17
2445,43,33
2446,51,39
2447,58,41
2448,46,31
2449,43,31
2450,49,36
2451,47,33
2452,52,33
2453,47,32
2454,42,27
2455,95,78
2456,81,65
2457,123,105
2458,116,99
2459,79,65
2460,68,51
2461,103,84
2462,111,91
2463,103,88
2464,99,78
2465,79,63
2466,82,63
2467,56,41
2468,56,42
2469,58,42
2470,98,80
2471,95,75
2472,96,69
2473,98,84
2474,65,46
2475,111,90
2476,76,58
2477,79,63
2478,54,38
2479,77,58
2480,112,94
2481,89,70
2482,83,66
2483,53,34
2484,111,90
2485,65,46
2486,47,28
2487,74,61
2488,69,54
2489,60,44
2490,83,66
2491,65,49
2492,74,61
2493,95,79
2494,72,55
2495,39,24
2496,72,52
2497,158,136
2498,117,99
2499,84,63
2500,56,39
2501,72,54
2502,54,38
2503,41,27
2504,71,51
2505,64,46
2506,91,74
2507,76,56
2508,52,37
2509,51,39
2510,77,60
2511,64,48
2512,64,50
2513,84,69
2514,58,43
2515,92,76
2516,101,86
2517,71,55
2518,78,63
2519,60,45
2520,61,48
2521,95,81
2522,103,88
2523,135,117
2524,32,18
2525,49,35
2526,92,74
2527,73,59
2528,81,64
2529,57,40
2530,65,49
2531,66,51
2532,82,67
2533,85,69
2534,89,72
2535,83,64
2536,103,81
2537,73,59
2538,67,51
2539,55,37
2540,67,47
2541,99,84
2542,61,44
2543,104,86
2544,98,84
2545,67,51
2546,62,42
2547,98,80
2548,88,71
2549,58,41
2550,66,45
2551,81,62
2552,67,49
2553,102,84
2554,86,65
2555,55,35
2556,90,73
2557,75,56
2558,62,38
2559,75,61
2560,42,28
2561,105,86
2562,84,68
2563,41,17
2564,87,72
2565,76,61
2566,66,54
2567,76,61
2568,43,30
2569,50,37
2570,55,39
2571,70,54
2572,66,49
2573,92,75
2574,77,60
2575,76,57
2576,55,39
2577,36,20
2578,59,41
2579,61,49
2580,48,34
2581,31,17
2582,40,29
2583,58,43
2584,56,42
2585,26,12
2586,58,45
2587,56,40
2588,56,38
2589,85,69
2590,65,46
2591,36,19
2592,98,81
2593,48,36
2594,38,23
2595,89,72
2596,86,73
2597,59,42
2598,65,51
2599,80,63
2600,53,35
2601,24,9
2602,78,63
2603,98,81
2604,40,25
2605,101,85
2606,82,66
2607,88,71
2608,69,51
2609,49,33
2610,96,81
2611,67,49
2612,85,65
2613,91,74
2614,68,51
2615,88,71
2616,50,32
2617,80,64
2618,82,67
2619,74,57
2620,96,79
2621,65,49
2622,60,43
2623,64,44
2624,79,64
2625,95,79
2626,66,50
2627,51,30
2628,71,51
2629,105,84
2630,77,51
2631,109,91
2632,80,59
2633,103,78
2634,126,102
2635,69,50
2636,101,82
2637,94,74
2638,110,92
2639,75,54
2640,53,32
2641,69,53
2642,74,57
2643,76,58
2644,78,61
2645,108,90
2646,74,59
2647,63,46
2648,83,68
2649,74,59
2650,74,60
2651,58,41
2652,51,38
2653,63,50
2654,78,67
2655,89,73
2656,84,70
2657,33,19
2658,81,62
2659,93,74
2660,64,43
2661,65,46
2662,77,62
2663,117,101
2664,94,75
2665,95,77
2666,69,54
2667,79,64
2668,54,38
2669,83,68
2670,72,54
2671,51,38
2672,68,50
2673,58,41
2674,71,55
2675,80,62
2676,64,42
2677,47,29
2678,71,53
2679,65,49
2680,52,33
2681,65,49
2682,71,54
2683,53,38
2684,93,75
2685,109,93
2686,72,54
2687,99,81
2688,48,35
2689,96,75
2690,151,130
2691,82,58
2692,76,56
2693,99,83
2694,70,55
2695,85,70
2696,71,56
2697,76,60
2698,97,81
2699,73,53
2700,69,50
2701,104,87
2702,67,49
2703,71,53
2704,82,66
2705,88,73
2706,81,61
2707,32,15
2708,84,66
2709,59,45
2710,48,36
2711,59,47
2712,58,41
2713,59,45
2714,57,40
2715,98,80
2716,84,67
2717,52,36
2718,28,12
2719,111,91
2720,93,75
2721,94,77
2722,50,31
2723,39,28
2724,57,43
2725,37,23
2726,56,39
2727,86,69
2728,61,43
2729,50,33
2730,74,59
2731,80,65
2732,53,34
2733,41,25
2734,74,54
2735,73,59
2736,70,55
2737,95,75
2738,85,65
2739,43,23
2740,92,73
2741,63,45
2742,78,61
2743,80,63
2744,65,53
2745,18,8
2746,42,25
2747,83,67
2748,91,73
2749,60,43
2750,35,18
2751,95,77
2752,79,61
2753,96,79
2754,92,72
2755,63,47
2756,17,0
2757,75,55
2758,66,50
2759,66,51
2760,72,57
2761,55,41
2762,40,26
2763,58,37
2764,80,64
2765,57,41
2766,65,50
2767,71,56
2768,54,38
2769,95,81
2770,63,49
2771,91,74
2772,79,64
2773,72,57
2774,74,60
2775,62,48
2776,47,29
2777,35,21
2778,61,42
2779,65,49
2780,75,60
2781,51,35
2782,56,41
2783,72,54
2784,76,63
2785,92,76
2786,86,69
2787,65,52
2788,38,22
2789,58,43
2790,55,43
2791,59,43
2792,68,51
2793,102,85
2794,73,58
2795,88,69
2796,123,106
2797,55,39
2798,79,63
2799,93,74
2800,85,67
2801,77,56
2802,39,23
2803,60,44
2804,58,42
2805,75,61
2806,13,0
2807,80,65
2808,53,33
2809,83,68
2810,51,38
2811,75,59
2812,87,71
2813,106,90
2814,100,83
2815,94,73
2816,52,41
2817,79,66
2818,65,50
2819,78,60
2820,76,55
2821,67,50
2822,98,76
2823,57,38
2824,88,63
2825,94,71
2826,72,50
2827,68,51
2828,69,52
2829,91,72
2830,113,95
2831,69,52
2832,55,38
2833,63,46
2834,102,83
2835,110,92
2836,81,66
2837,64,49
2838,62,44
2839,84,68
2840,93,77
2841,91,76
2842,102,87
2843,83,68
2844,74,60
2845,36,18
2846,55,43
2847,67,53
2848,82,68
2849,44,27
2850,51,36
2851,61,46
2852,52,37
2853,98,80
2854,69,53
2855,46,29
2856,31,17
2857,118,102
2858,75,59
2859,96,81
2860,61,47
2861,108,86
2862,52,30
2863,127,107
2864,99,83
2865,79,60
2866,101,83
2867,77,57
2868,82,61
2869,98,79
2870,110,94
2871,59,34
2872,121,102
2873,92,76
2874,67,49
2875,50,36
2876,100,84
2877,53,36
2878,76,57
2879,77,58
2880,74,58
2881,70,52
2882,88,69
2883,86,67
2884,63,45
2885,76,54
2886,60,44
2887,37,17
2888,96,75
2889,88,71
2890,91,73
2891,80,61
2892,99,81
2893,46,28
2894,80,64
2895,80,63
2896,93,71
2897,57,38
2898,82,63
2899,88,75
2900,94,74
2901,65,45
2902,45,28
2903,109,90
2904,82,66
2905,102,82
2906,91,76
2907,100,80
2908,52,34
2909,98,77
2910,98,81
2911,82,64
2912,42,26
2913,74,56
2914,91,74
2915,61,47
2916,70,52
2917,59,41
2918,81,66
2919,42,25
2920,91,78
2921,78,63
2922,65,51
2923,72,57
2924,42,27
2925,73,51
2926,57,35
2927,52,36
2928,114,95
2929,86,73
2930,84,70
2931,64,47
2932,74,55
2933,73,54
2934,57,42
2935,71,51
2936,56,40
2937,47,32
2938,102,83
2939,69,50
2940,75,59
2941,77,57
2942,95,77
2943,97,75
2944,59,46
2945,73,52
2946,70,48
2947,106,86
2948,70,52
2949,69,54
2950,73,58
2951,111,91
2952,53,34
2953,74,53
2954,58,40
2955,67,52
2956,60,44
2957,64,46
2958,70,55
2959,54,35
2960,42,27
2961,74,55
2962,69,55
2963,84,69
2964,87,71
2965,106,85
2966,77,57
2967,52,33
2968,19,0
2969,63,47
2970,75,56
2971,79,61
2972,60,42
2973,68,51
2974,39,21
2975,56,42
2976,55,39
2977,29,16
2978,41,25
2979,72,56
2980,38,24
2981,63,51
2982,30,16
2983,71,58
2984,62,45
2985,80,68
2986,67,50
2987,87,71
2988,60,43
2989,108,93
2990,84,67
2991,92,75
2992,72,56
2993,104,85
2994,68,51
2995,41,24
2996,63,39
2997,70,53
2998,78,59
2999,76,59
3000,116,95
3001,65,49
3002,57,42
3003,61,43
3004,56,38
3005,50,34
3006,75,54
3007,90,69
3008,54,35
3009,106,89
3010,51,30
3011,61,44
3012,93,73
3013,65,47
3014,119,96
3015,113,92
3016,66,52
3017,68,49
3018,112,93
3019,61,49
3020,59,43
3021,86,66
3022,90,70
3023,70,55
3024,57,38
3025,28,13
3026,54,39
3027,123,106
3028,72,55
3029,73,57
3030,56,40
3031,91,72
3032,67,48
3033,75,57
3034,69,54
3035,85,63
3036,113,95
3037,79,65
3038,97,78
3039,43,30
3040,72,57
3041,69,51
3042,99,81
3043,95,78
3044,57,39
3045,50,37
3046,21,8
3047,36,22
3048,53,35
3049,128,111
3050,68,51
3051,64,46
3052,76,57
3053,56,41
3054,57,42
3055,98,72
3056,49,32
3057,71,49
3058,54,38
3059,73,56
3060,59,41
3061,37,22
3062,106,89
3063,76,57
3064,72,57
3065,68,53
3066,87,71
3067,53,40
3068,73,58
3069,64,49
3070,72,53
3071,96,72
3072,23,12
3073,43,27
3074,65,47
3075,76,60
3076,29,13
3077,88,72
3078,90,76
3079,69,55
3080,83,69
3081,59,45
3082,46,33
3083,67,51
3084,52,35
3085,30,15
3086,77,60
3087,73,54
3088,65,45
3089,65,49
3090,45,28
3091,73,55
3092,66,53
3093,50,35
3094,60,43
3095,87,69
3096,56,45
3097,60,39
3098,83,64
3099,99,81
3100,85,65
3101,69,49
3102,61,46
3103,122,104
3104,39,25
3105,50,37
3106,65,49
3107,60,44
3108,80,64
3109,61,47
3110,71,55
3111,71,57
3112,87,71
3113,81,63
3114,72,57
3115,74,57
3116,76,61
3117,64,50
3118,66,52
3119,79,67
3120,62,46
3121,52,37
3122,98,82
3123,58,41
3124,72,56
3125,69,51
3126,54,32
3127,66,49
3128,127,102
3129,107,85
3130,56,39
3131,54,39
3132,59,43
3133,79,62
3134,73,54
3135,74,58
3136,97,79
3137,68,49
3138,66,48
3139,97,81
3140,74,57
3141,58,39
3142,84,67
3143,68,50
3144,90,70
3145,72,54
3146,35,21
3147,78,62
3148,88,70
3149,46,28
3150,84,70
3151,84,68
3152,86,63
3153,111,90
3154,70,50
3155,83,64
3156,77,63
3157,63,49
3158,109,93
3159,26,9
3160,45,30
3161,46,27
3162,39,24
3163,27,11
3164,80,65
3165,58,44
3166,83,66
3167,77,58
3168,55,35
3169,59,39
3170,93,77
3171,88,70
3172,81,65
3173,52,35
3174,57,39
3175,51,37
3176,53,37
3177,54,39
3178,80,65
3179,58,46
3180,52,39
3181,31,17
3182,60,44
3183,58,45
3184,27,15
3185,42,29
3186,41,27
3187,100,82
3188,74,59
3189,52,30
3190,80,60
3191,71,52
3192,57,41
3193,64,45
3194,54,39
3195,52,38
3196,38,24
3197,64,47
3198,82,65
3199,29,14
3200,25,15
3201,91,77
3202,64,52
3203,41,25
3204,64,51
3205,64,46
3206,65,50
3207,92,71
3208,94,78
3209,101,83
3210,112,94
3211,90,72
3212,52,34
3213,113,94
3214,48,36
3215,30,17
3216,57,44
3217,49,37
3218,57,40
3219,45,31
3220,59,44
3221,37,21
3222,44,31
3223,84,66
3224,72,57
3225,65,39
3226,48,32
3227,64,49
3228,76,59
3229,24,10
3230,84,69
3231,61,48
3232,22,12
3233,54,43
3234,57,46
3235,38,25
3236,58,46
3237,39,24
3238,82,67
3239,52,38
3240,53,37
3241,46,32
3242,55,41
3243,71,58
3244,75,61
3245,64,51
3246,63,43
3247,47,31
3248,59,44
3249,52,40
3250,32,21
3251,48,34
3252,47,32
3253,67,50
3254,69,51
3255,75,55
3256,68,49
3257,95,78
3258,76,61
3259,94,80
3260,58,45
3261,70,57
3262,58,40
3263,68,49
3264,35,21
3265,86,70
3266,83,66
3267,50,32
3268,57,40
3269,77,62
3270,68,52
3271,72,56
3272,63,43
3273,69,55
3274,54,40
3275,56,39
3276,65,53
3277,90,73
3278,75,57
3279,48,34
3280,60,44
3281,61,45
3282,42,24
3283,73,55
3284,48,32
3285,70,54
3286,60,47
3287,50,30
3288,57,41
3289,75,58
3290,64,49
3291,47,35
3292,41,29
3293,77,65
3294,35,23
3295,87,71
3296,61,46
3297,90,71
3298,38,22
3299,79,62
3300,40,28
3301,73,58
3302,65,53
3303,38,26
3304,49,30
3305,75,59
3306,35,19
3307,101,82
3308,71,55
3309,80,65
3310,90,73
3311,76,61
3312,50,35
3313,85,69
3314,39,25
3315,33,16
3316,30,17
3317,50,35
3318,50,35
3319,58,43
3320,75,59
3321,74,58
3322,98,81
3323,62,46
3324,90,75
3325,60,47
3326,46,30
3327,78,56
3328,57,47
3329,26,10
3330,63,42
3331,103,81
3332,101,85
3333,87,66
3334,66,45
3335,79,57
3336,97,78
3337,71,49
3338,85,67
3339,52,32
3340,101,79
3341,99,81
3342,92,74
3343,106,89
3344,130,111
3345,62,47
3346,87,68
3347,15,0
3348,59,41
3349,64,47
3350,87,69
3351,73,55
3352,51,36
3353,87,64
3354,142,123
3355,83,62
3356,87,68
3357,68,54
3358,73,48
3359,44,27
3360,74,53
3361,46,26
3362,64,46
3363,86,69
3364,82,65
3365,86,68
3366,64,47
3367,63,47
3368,80,61
3369,68,53
3370,62,48
3371,55,38
3372,112,97
3373,90,77
3374,88,72
3375,72,55
3376,76,58
3377,81,56
3378,78,56
3379,69,55
3380,69,53
3381,65,48
3382,50,35
3383,75,61
3384,31,15
3385,57,42
3386,37,24
3387,37,25
3388,45,27
3389,52,38
3390,63,41
3391,76,61
3392,75,57
3393,56,39
3394,70,48
3395,67,50
3396,83,68
3397,67,48
3398,106,82
3399,124,104
3400,97,72
3401,110,88
3402,94,74
3403,104,84
3404,90,68
3405,65,47
3406,62,47
3407,71,57
3408,84,70
3409,73,57
3410,65,48
3411,41,25
3412,40,23
3413,48,31
3414,64,50
3415,73,59
3416,47,29
3417,37,23
3418,57,42
3419,89,71
3420,97,75
3421,70,55
3422,126,108
3423,86,68
3424,83,66
3425,58,41
3426,70,52
3427,61,42
3428,118,99
3429,76,58
3430,75,56
3431,50,30
3432,73,52
3433,78,60
3434,44,31
3435,157,133
3436,82,67
3437,60,43
3438,77,60
3439,43,29
3440,71,51
3441,85,62
3442,98,80
3443,49,33
3444,46,27
3445,69,50
3446,60,48
3447,30,18
3448,53,39
3449,40,23
3450,42,32
3451,44,30
3452,67,52
3453,81,67
3454,57,41
3455,44,27
3456,43,31
3457,67,56
3458,116,104
3459,37,16
3460,46,27
3461,115,96
3462,88,75
3463,50,33
3464,51,35
3465,80,65
3466,89,73
3467,69,50
3468,41,26
3469,48,32
3470,67,55
3471,34,15
3472,38,23
3473,108,91
3474,80,64
3475,66,49
3476,83,64
3477,54,39
3478,53,37
3479,55,39
3480,35,22
3481,51,38
3482,53,36
3483,66,50
3484,33,18
3485,71,55
3486,47,28
3487,29,16
3488,43,28
3489,24,7
3490,64,47
3491,81,62
3492,60,43
3493,113,96
3494,102,82
3495,43,23
3496,91,73
3497,104,79
3498,64,47
3499,80,61
3500,73,54
3501,46,25
3502,47,23
3503,116,95
3504,87,65
3505,71,52
3506,93,78
3507,118,101
3508,119,99
3509,82,69
3510,87,66
3511,71,52
3512,96,78
3513,70,58
3514,69,48
3515,44,28
3516,91,75
3517,37,15
3518,66,48
3519,79,61
3520,62,47
3521,34,21
3522,62,46
3523,48,31
3524,78,61
3525,69,55
3526,79,62
3527,77,56
3528,91,71
3529,71,52
3530,98,76
3531,103,85
3532,56,40
3533,47,27
3534,33,17
3535,30,13
3536,60,47
3537,64,46
3538,68,53
3539,40,25
3540,86,68
3541,73,59
3542,69,54
3543,79,66
3544,52,36
3545,55,40
3546,81,66
3547,50,36
3548,69,54
3549,110,93
3550,56,36
3551,49,35
3552,69,58
3553,28,18
3554,44,32
3555,59,46
3556,37,28
3557,12,0
3558,39,24
3559,78,63
3560,30,18
3561,71,52
3562,89,74
3563,62,43
3564,31,9
3565,58,36
3566,120,99
3567,109,88
3568,81,58
3569,100,74
3570,68,52
3571,76,63
3572,70,55
3573,53,36
3574,90,71
3575,50,32
3576,49,32
3577,83,67
3578,79,59
3579,66,48
3580,112,94
3581,52,36
3582,76,57
3583,66,47
3584,31,20
3585,70,57
3586,40,24
3587,85,66
3588,33,16
3589,49,33
3590,101,85
3591,88,70
3592,77,61
3593,114,96
3594,78,63
3595,72,55
3596,16,1
3597,114,97
3598,23,13
3599,60,48
3600,96,82
3601,53,35
3602,62,45
3603,127,109
3604,61,41
3605,66,48
3606,56,43
3607,71,54
3608,64,48
3609,93,80
3610,55,41
3611,40,27
3612,72,56
3613,80,64
3614,26,8
3615,69,53
3616,89,69
3617,34,20
3618,84,61
3619,88,72
3620,95,76
3621,108,84
3622,43,23
3623,73,57
3624,84,65
3625,59,40
3626,84,64
3627,91,72
3628,79,62
3629,65,49
3630,68,51
3631,66,48
3632,94,80
3633,135,117
3634,70,55
3635,55,39
3636,95,81
3637,61,43
3638,18,6
3639,55,40
3640,90,73
3641,32,18
3642,60,45
3643,67,49
3644,52,36
3645,68,50
3646,66,47
3647,68,51
3648,63,51
3649,78,62
3650,77,59
3651,48,32
3652,64,49
3653,53,33
3654,83,70
3655,72,57
3656,100,83
3657,71,56
3658,70,55
3659,168,150
3660,73,57
3661,62,44
3662,74,58
3663,70,55
3664,77,65
3665,74,58
3666,66,48
3667,64,44
3668,78,59
3669,59,40
3670,26,12
3671,72,58
3672,75,52
3673,73,56
3674,44,28
3675,74,53
3676,108,89
3677,108,92
3678,47,32
3679,70,50
3680,82,62
3681,91,71
3682,76,55
3683,61,44
3684,74,55
3685,110,88
3686,90,72
3687,86,68
3688,69,52
3689,66,47
3690,44,27
3691,94,78
3692,83,68
3693,74,58
3694,75,60
3695,100,84
3696,56,42
3697,140,120
3698,61,44
3699,58,43
3700,28,11
3701,78,61
3702,53,37
3703,89,70
3704,128,110
3705,51,36
3706,34,23
3707,68,52
3708,40,26
3709,74,57
3710,33,16
3711,65,50
3712,43,33
3713,39,23
3714,92,75
3715,71,56
3716,72,60
3717,10,0
3718,57,46
3719,60,46
3720,73,55
3721,46,35
3722,70,56
3723,53,42
3724,47,38
3725,56,42
3726,60,46
3727,37,21
3728,70,54
3729,65,47
3730,59,40
3731,54,36
3732,45,31
3733,70,56
3734,60,45
3735,80,64
3736,44,32
3737,74,57
3738,56,44
3739,72,61
3740,54,38
3741,62,47
3742,69,55
3743,70,53
3744,41,25
3745,64,42
3746,97,74
3747,53,37
3748,98,82
3749,53,40
3750,59,45
3751,64,50
3752,50,38
3753,49,35
3754,94,75
3755,63,47
3756,66,52
3757,83,66
3758,60,45
3759,50,35
3760,83,65
3761,79,65
3762,69,51
3763,82,66
3764,85,70
3765,28,15
3766,53,37
3767,32,21
3768,27,17
3769,43,31
3770,77,61
3771,74,59
3772,71,56
3773,34,21
3774,78,62
3775,32,20
3776,35,22
3777,48,33
3778,69,53
3779,54,41
3780,74,60
3781,32,22
3782,28,16
3783,83,69
3784,53,38
3785,59,47
3786,53,41
3787,74,60
3788,73,60
3789,69,55
3790,45,33
3791,60,42
3792,60,48
3793,41,23
3794,44,28
3795,92,74
3796,96,81
3797,85,68
3798,49,35
3799,64,49
3800,32,19
3801,59,46
3802,69,56
3803,47,35
3804,94,79
3805,63,52
3806,80,61
3807,81,63
3808,66,51
3809,55,36
3810,75,59
3811,35,23
3812,56,41
3813,67,53
3814,57,42
3815,70,54
3816,57,43
3817,67,51
3818,39,25
3819,58,46
3820,43,33
3821,21,7
3822,37,24
3823,65,51
3824,40,29
3825,46,33
3826,35,24
3827,56,41
3828,62,49
3829,34,22
3830,44,34
3831,46,33
3832,70,56
3833,65,51
3834,81,64
3835,97,81
3836,41,27
3837,82,68
3838,69,54
3839,68,52
3840,39,29
3841,57,41
3842,79,61
3843,63,44
3844,82,64
3845,72,57
3846,94,73
3847,97,79
3848,84,65
3849,86,69
3850,87,69
3851,72,55
3852,46,27
3853,78,57
3854,94,74
3855,104,80
3856,79,58
3857,75,56
3858,55,36
3859,88,74
3860,66,51
3861,61,46
3862,71,54
3863,48,34
3864,76,61
3865,75,60
3866,89,73
3867,49,31
3868,65,48
3869,62,49
3870,51,36
3871,91,73
3872,120,100
3873,73,57
3874,75,61
3875,82,63
3876,47,32
3877,66,48
3878,27,9
3879,66,45
3880,83,63
3881,71,54
3882,44,29
3883,76,59
3884,42,28
3885,63,46
3886,92,76
3887,62,48
3888,110,93
3889,61,42
3890,84,69
3891,89,74
3892,54,38
3893,58,46
3894,87,73
3895,47,34
3896,91,74
3897,76,59
3898,79,62
3899,69,52
3900,40,24
3901,57,37
3902,65,46
3903,63,46
3904,91,77
3905,112,95
3906,93,73
3907,43,26
3908,87,71
3909,75,53
3910,75,54
3911,45,30
3912,89,70
3913,57,40
3914,80,66
3915,71,53
3916,61,43
3917,106,90
3918,64,43
3919,84,66
3920,88,73
3921,72,53
3922,88,68
3923,55,39
3924,85,69
3925,87,71
3926,58,40
3927,84,65
3928,88,71
3929,59,41
3930,66,49
3931,74,55
3932,69,52
3933,53,40
3934,83,68
3935,65,48
3936,89,70
3937,74,52
3938,73,56
3939,71,55
3940,67,50
3941,52,35
3942,71,54
3943,80,61
3944,88,68
3945,53,36
3946,50,37
3947,107,91
3948,74,59
3949,46,32
3950,58,41
3951,85,70
3952,59,41
3953,93,78
3954,44,26
3955,48,32
3956,13,0
3957,58,46
3958,82,69
3959,50,35
3960,76,62
3961,98,79
3962,78,63
3963,69,51
3964,46,32
3965,75,59
3966,70,50
3967,61,48
3968,49,35
3969,93,74
3970,107,87
3971,80,63
3972,81,66
3973,54,31
3974,67,51
3975,98,73
3976,97,74
3977,66,49
3978,74,56
3979,25,8
3980,68,53
3981,74,59
3982,45,32
3983,60,44
3984,57,42
3985,14,0
3986,54,34
3987,64,46
3988,97,78
3989,86,69
3990,57,43
3991,21,6
3992,78,62
3993,51,39
3994,59,44
3995,63,47
3996,62,46
3997,55,42
3998,106,89
3999,57,40
4000,56,41
4001,132,114
4002,37,23
4003,69,58
4004,77,65
4005,61,47
4006,58,41
4007,48,32
4008,47,28
4009,24,10
4010,91,77
4011,63,52
4012,51,38
4013,50,36
4014,53,37
4015,54,42
4016,91,77
4017,92,75
4018,56,41
4019,62,47
4020,55,42
4021,44,26
4022,38,24
4023,37,23
4024,64,52
4025,54,39
4026,41,24
4027,45,31
4028,73,57
4029,64,47
4030,40,24
4031,91,75
4032,40,21
4033,60,45
4034,60,47
4035,115,98
4036,47,31
4037,84,61
4038,58,43
4039,63,47
4040,70,51
4041,36,19
4042,89,71
4043,59,45
4044,106,88
4045,81,61
4046,74,58
4047,74,58
4048,39,23
4049,54,38
4050,68,53
4051,71,57
4052,55,43
4053,45,27
4054,57,39
4055,67,52
4056,71,55
4057,52,38
4058,74,60
4059,98,79
4060,81,64
4061,73,55
4062,97,81
4063,36,22
4064,28,15
4065,34,21
4066,48,37
4067,84,69
4068,72,59
4069,40,28
4070,65,49
4071,61,43
4072,75,54
4073,58,36
4074,105,88
4075,71,59
4076,65,52
4077,95,78
4078,64,50
4079,64,49
4080,52,35
4081,62,40
4082,72,53
4083,58,45
4084,57,44
4085,50,38
4086,35,22
4087,47,35
4088,63,51
4089,37,24
4090,67,54
4091,44,31
4092,65,50
4093,121,101
4094,93,73
4095,87,67
4096,52,40
4097,65,50
4098,86,72
4099,64,47
4100,102,84
4101,52,35
4102,38,21
4103,100,80
4104,89,68
4105,97,77
4106,95,78
4107,98,80
4108,76,56
4109,66,49
4110,97,77
4111,86,66
4112,36,19
4113,92,76
4114,85,69
4115,45,22
4116,105,85
4117,134,113
4118,70,49
4119,87,71
4120,83,70
4121,95,78
4122,67,51
4123,19,4
4124,68,50
4125,66,52
4126,85,70
4127,36,23
4128,69,50
4129,41,26
4130,40,26
4131,88,74
4132,25,15
4133,22,7
4134,55,45
4135,48,37
4136,56,44
4137,49,37
4138,45,32
4139,55,42
4140,63,49
4141,53,38
4142,88,72
4143,19,7
4144,10,0
4145,62,51
4146,39,26
4147,36,21
4148,54,33
4149,57,40
4150,69,56
4151,107,91
4152,82,66
4153,91,74
4154,71,59
4155,71,55
4156,62,44
4157,51,36
4158,69,56
4159,65,50
4160,56,42
4161,80,67
4162,81,63
4163,46,29
4164,95,80
4165,79,60
4166,84,66
4167,96,73
4168,68,48
4169,80,63
4170,72,55
4171,61,41
4172,52,35
4173,78,62
4174,92,75
4175,59,45
4176,66,49
4177,67,51
4178,70,53
4179,77,59
4180,110,92
4181,58,40
4182,54,34
4183,108,91
4184,104,87
4185,84,68
4186,67,49
4187,41,26
4188,74,58
4189,65,48
4190,65,46
4191,98,78
4192,72,53
4193,64,46
4194,59,46
4195,78,62
4196,74,60
4197,49,31
4198,101,85
4199,49,36
4200,63,49
4201,89,73
4202,57,44
4203,72,55
4204,65,50
4205,54,42
4206,62,48
4207,62,47
4208,70,59
4209,69,55
4210,42,29
4211,55,41
4212,39,23
4213,53,37
4214,73,59
4215,49,33
4216,19,2
4217,61,43
4218,46,32
4219,52,38
4220,41,27
4221,34,21
4222,58,44
4223,65,49
4224,57,45
4225,69,52
4226,76,60
4227,60,45
4228,84,68
4229,47,35
4230,41,26
4231,59,40
4232,59,43
4233,53,33
4234,51,32
4235,97,80
4236,132,113
4237,80,66
4238,82,60
4239,42,26
4240,58,43
4241,60,45
4242,91,77
4243,57,38
4244,94,75
4245,61,46
4246,35,20
4247,63,47
4248,57,42
4249,90,75
4250,78,60
4251,81,65
4252,78,63
4253,56,38
4254,55,41
4255,79,62
4256,64,47
4257,73,56
4258,43,31
4259,56,41
4260,51,38
4261,69,53
4262,43,30
4263,88,74
4264,59,46
4265,85,70
4266,48,33
4267,97,82
4268,57,40
4269,25,15
4270,92,75
4271,63,49
4272,94,81
4273,69,53
4274,46,26
4275,39,21
4276,64,48
4277,51,31
4278,69,55
4279,52,39
4280,82,65
4281,78,61
4282,63,47
4283,59,43
4284,55,38
4285,84,68
4286,86,69
4287,59,41
4288,64,49
4289,50,35
4290,59,39
4291,65,51
4292,56,40
4293,25,12
4294,80,63
4295,51,30
4296,18,1
4297,97,77
4298,95,76
4299,70,53
4300,89,67
4301,74,60
4302,41,23
4303,45,31
4304,90,77
4305,55,40
4306,58,43
4307,82,65
4308,55,38
4309,18,0
4310,72,56
4311,32,18
4312,61,47
4313,82,66
4314,87,68
4315,72,57
4316,78,60
4317,76,53
4318,63,49
4319,72,57
4320,87,74
4321,61,49
4322,53,40
4323,77,58
4324,58,42
4325,55,33
4326,92,76
4327,65,49
4328,101,86
4329,74,59
4330,76,55
4331,93,72
4332,64,45
4333,97,77
4334,102,81
4335,59,37
4336,91,74
4337,63,45
4338,60,41
4339,124,106
4340,75,58
4341,42,25
4342,75,58
4343,96,77
4344,140,121
4345,63,41
4346,85,67
4347,32,17
4348,54,42
4349,114,94
4350,64,50
4351,47,33
4352,21,12
4353,32,18
4354,80,63
4355,78,60
4356,62,41
4357,80,66
4358,63,48
4359,77,54
4360,68,54
4361,95,78
4362,35,19
4363,78,60
4364,43,29
4365,31,18
4366,72,58
4367,42,28
4368,66,50
4369,61,42
4370,89,73
4371,82,64
4372,80,65
4373,74,60
4374,53,39
4375,68,54
4376,80,60
4377,98,82
4378,93,78
4379,47,33
4380,87,65
4381,63,48
4382,132,113
4383,108,91
4384,104,81
4385,112,90
4386,83,68
4387,93,76
4388,112,91
4389,88,67
4390,103,85
4391,49,33
4392,94,68
4393,77,58
4394,85,56
4395,124,103
4396,91,73
4397,89,72
4398,87,70
4399,103,84
4400,77,57
4401,86,62
4402,94,74
4403,78,57
4404,77,59
4405,42,23
4406,95,76
4407,87,68
4408,69,52
4409,39,26
4410,81,67
4411,62,44
4412,68,56
4413,59,49
4414,15,3
4415,67,53
4416,35,18
4417,63,48
4418,75,61
4419,52,38
4420,69,54
4421,60,44
4422,76,57
4423,82,66
4424,101,85
4425,45,31
4426,35,17
4427,109,92
4428,65,51
4429,73,56
4430,72,56
4431,62,50
4432,39,27
4433,34,20
4434,48,35
4435,33,20
4436,61,43
4437,86,68
4438,69,53
4439,34,23
4440,36,23
4441,45,31
4442,44,32
4443,68,53
4444,86,69
4445,76,58
4446,98,79
4447,77,59
4448,125,105
4449,63,41
4450,39,20
4451,46,28
4452,88,67
4453,84,64
4454,63,48
4455,88,71
4456,77,55
4457,53,38
4458,115,93
4459,105,87
4460,92,69
4461,64,47
4462,75,58
4463,66,49
4464,45,26
4465,63,47
4466,122,102
4467,60,42
4468,93,73
4469,84,65
4470,80,59
4471,116,98
4472,109,89
4473,66,50
4474,59,43
4475,84,64
4476,70,52
4477,77,62
4478,40,25
4479,90,73
4480,45,34
4481,90,74
4482,96,77
4483,125,109
4484,84,70
4485,45,33
4486,57,43
4487,45,30
4488,48,30
4489,64,52
4490,77,64
4491,73,57
4492,87,72
4493,71,55
4494,65,53
4495,31,20
4496,71,56
4497,107,88
4498,81,64
4499,72,57
4500,77,62
4501,37,20
4502,66,49
4503,70,57
4504,48,30
4505,81,67
4506,49,35
4507,70,58
4508,53,38
4509,21,6
4510,68,53
4511,48,33
4512,70,57
4513,36,24
4514,43,29
4515,58,43
4516,69,52
4517,64,47
4518,31,17
4519,72,55
4520,56,38
4521,46,28
4522,79,60
4523,63,43
4524,84,63
4525,76,61
4526,61,43
4527,15,0
4528,35,20
4529,62,49
4530,78,66
4531,69,57
4532,60,45
4533,67,52
4534,54,38
4535,56,41
4536,80,65
4537,61,47
4538,88,72
4539,35,17
4540,45,30
4541,50,37
4542,49,37
4543,76,62
4544,45,30
4545,47,34
4546,52,39
4547,61,44
4548,47,32
4549,48,34
4550,41,28
4551,80,66
4552,54,41
4553,66,53
4554,64,52
4555,36,23
4556,90,78
4557,38,21
4558,62,45
4559,65,55
4560,82,69
4561,42,27
4562,64,50
4563,72,56
4564,42,24
4565,51,38
4566,63,49
4567,37,23
4568,20,10
4569,32,18
4570,50,35
4571,62,46
4572,40,23
4573,67,53
4574,62,47
4575,49,32
4576,46,35
4577,33,19
4578,66,51
4579,88,73
4580,61,42
4581,60,40
4582,54,37
4583,49,33
4584,70,53
4585,44,29
4586,81,59
4587,119,99
4588,83,61
4589,67,47
4590,56,39
4591,54,34
4592,109,88
4593,62,44
4594,49,34
4595,78,61
4596,62,45
4597,53,40
4598,76,57
4599,77,61
4600,62,42
4601,91,75
4602,70,56
4603,36,22
4604,48,33
4605,80,64
4606,47,34
4607,83,68
4608,47,38
4609,65,49
4610,92,76
4611,54,35
4612,74,57
4613,44,28
4614,83,67
4615,47,34
4616,43,28
4617,39,23
4618,86,64
4619,44,28
4620,41,25
4621,61,46
4622,42,28
4623,97,84
4624,73,59
4625,63,49
4626,85,68
4627,49,32
4628,60,45
4629,77,61
4630,70,52
4631,34,18
4632,24,4
4633,58,42
4634,69,53
4635,54,34
4636,77,57
4637,66,48
4638,76,58
4639,55,40
4640,94,76
4641,114,95
4642,72,53
4643,133,114
4644,122,99
4645,39,21
4646,69,46
4647,70,48
4648,83,60
4649,109,90
4650,101,86
4651,67,46
4652,77,54
4653,118,96
4654,103,83
4655,86,66
4656,109,88
4657,76,61
4658,84,69
4659,90,73
4660,54,37
4661,41,21
4662,51,38
4663,81,65
4664,101,79
4665,77,56
4666,82,61
4667,44,22
4668,75,55
4669,89,66
4670,91,73
4671,99,82
4672,67,48
4673,70,56
4674,86,69
4675,60,43
4676,51,37
4677,68,57
4678,41,28
4679,62,48
4680,43,28
4681,65,50
4682,63,48
4683,57,41
4684,77,63
4685,62,47
4686,25,11
4687,42,30
4688,65,52
4689,80,62
4690,114,97
4691,54,33
4692,78,65
4693,69,51
4694,57,40
4695,53,37
4696,113,94
4697,67,48
4698,48,29
4699,54,36
4700,46,30
4701,83,66
4702,76,60
4703,68,49
4704,91,77
4705,113,96
4706,74,50
4707,47,23
4708,78,51
4709,97,78
4710,69,46
4711,147,121
4712,91,71
4713,122,96
4714,102,83
4715,53,31
4716,65,42
4717,76,57
4718,56,39
4719,87,65
4720,67,46
4721,60,40
4722,64,48
4723,108,80
4724,123,102
4725,98,75
4726,104,85
4727,65,44
4728,86,63
4729,49,32
4730,127,106
4731,48,27
4732,51,30
4733,102,86
4734,41,24
4735,60,39
4736,42,29
4737,57,41
4738,79,62
4739,63,46
4740,71,54
4741,78,63
4742,44,29
4743,78,64
4744,68,52
4745,93,75
4746,79,61
4747,69,54
4748,83,68
4749,67,47
4750,45,28
4751,104,82
4752,102,86
4753,101,82
4754,50,36
4755,44,31
4756,52,36
4757,70,56
4758,80,65
4759,45,32
4760,89,73
4761,19,0
4762,69,48
4763,39,23
4764,40,24
4765,79,62
4766,93,72
4767,82,61
4768,117,95
4769,89,69
4770,79,59
4771,134,117
4772,46,29
4773,53,35
4774,72,55
4775,61,43
4776,89,69
4777,38,21
4778,62,47
4779,72,54
4780,76,55
4781,108,90
4782,82,68
4783,51,37
4784,81,65
4785,75,58
4786,64,42
4787,78,58
4788,57,40
4789,108,87
4790,105,82
4791,62,40
4792,45,28
4793,94,73
4794,92,76
4795,73,53
4796,70,54
4797,103,86
4798,73,53
4799,62,42
4800,93,76
4801,54,39
4802,73,57
4803,68,53
4804,32,11
4805,82,67
4806,100,83
4807,65,50
4808,59,46
4809,92,75
4810,73,60
4811,42,26
4812,70,55
4813,74,54
4814,135,117
4815,100,82
4816,106,87
4817,89,71
4818,82,62
4819,114,94
4820,93,77
4821,94,80
4822,57,40
4823,69,51
4824,53,38
4825,93,75
4826,98,76
4827,83,65
4828,44,29
4829,46,29
4830,40,22
4831,70,52
4832,142,117
4833,76,60
4834,62,43
4835,91,71
4836,105,85
4837,50,31
4838,70,50
4839,87,71
4840,60,44
4841,81,69
4842,56,45
4843,51,37
4844,48,36
4845,74,59
4846,46,28
4847,76,61
4848,87,72
4849,30,13
4850,97,81
4851,110,94
4852,62,43
4853,110,90
4854,96,75
4855,54,36
4856,80,63
4857,59,36
4858,86,71
4859,82,67
4860,71,58
4861,69,50
4862,67,51
4863,44,30
4864,29,18
4865,62,49
4866,84,70
4867,57,41
4868,46,31
4869,64,47
4870,63,49
4871,56,39
4872,49,38
4873,84,71
4874,73,57
4875,65,50
4876,72,50
4877,73,56
4878,75,56
4879,69,54
4880,69,51
4881,93,74
4882,80,65
4883,38,22
4884,63,49
4885,83,68
4886,54,43
4887,100,83
4888,71,57
4889,68,53
4890,85,67
4891,56,43
4892,56,43
4893,62,44
4894,52,34
4895,87,70
4896,81,63
4897,68,52
4898,76,62
4899,83,72
4900,115,99
4901,71,56
4902,73,53
4903,89,71
4904,87,71
4905,87,70
4906,51,33
4907,64,45
4908,69,53
4909,88,72
4910,84,66
4911,56,39
4912,38,21
4913,61,46
4914,55,41
4915,88,71
4916,54,37
4917,54,37
4918,69,52
4919,69,54
4920,84,67
4921,31,16
4922,41,26
4923,95,80
4924,43,28
4925,68,54
4926,45,29
4927,68,50
4928,64,46
4929,91,74
4930,66,47
4931,38,23
4932,53,39
4933,85,71
4934,58,42
4935,59,47
4936,89,73
4937,48,35
4938,102,87
4939,38,23
4940,70,52
4941,28,11
4942,61,44
4943,76,58
4944,68,52
4945,85,66
4946,88,71
4947,49,34
4948,45,32
4949,40,22
4950,101,83
4951,70,55
4952,60,44
4953,84,68
4954,65,52
4955,71,56
4956,92,77
4957,81,64
4958,115,96
4959,42,24
4960,92,78
4961,55,40
4962,96,79
4963,63,48
4964,92,73
4965,71,53
4966,58,40
4967,83,66
4968,74,59
4969,32,17
4970,69,56
4971,97,83
4972,63,42
4973,94,74
4974,56,38
4975,71,53
4976,63,44
4977,93,79
4978,84,65
4979,63,47
4980,60,43
4981,96,80
4982,50,32
4983,68,51
4984,66,49
4985,69,51
4986,58,44
4987,99,83
4988,48,34
4989,56,41
4990,53,38
4991,76,63
4992,26,18
4993,111,97
4994,59,42
4995,92,74
4996,67,51
4997,74,61
4998,53,36
4999,66,54
5000,58,42
5001,65,48
5002,63,48
5003,50,37
5004,63,48
5005,48,32
5006,69,49
5007,25,11
5008,58,43
5009,38,23
5010,71,56
5011,50,34
5012,62,45
5013,74,59
5014,51,39
5015,48,35
5016,54,35
5017,75,55
5018,82,66
5019,63,48
5020,67,51
5021,114,97
5022,76,58
5023,54,36
5024,29,13
5025,83,70
5026,61,50
5027,75,58
5028,46,31
5029,49,38
5030,35,24
5031,23,11
5032,34,21
5033,42,29
5034,44,35
5035,51,41
5036,40,27
5037,31,17
5038,65,45
5039,90,72
5040,65,50
5041,49,34
5042,115,98
5043,70,53
5044,58,40
5045,85,67
5046,65,51
5047,35,20
5048,43,29
5049,77,64
5050,58,40
5051,51,36
5052,55,41
5053,34,18
5054,54,40
5055,61,45
5056,57,41
5057,57,46
5058,78,62
5059,74,59
5060,28,15
5061,62,50
5062,49,36
5063,81,67
5064,40,26
5065,33,20
5066,33,20
5067,63,53
5068,50,36
5069,36,24
5070,46,30
5071,51,37
5072,102,87
5073,80,62
5074,72,54
5075,77,59
5076,76,56
5077,44,29
5078,62,48
5079,69,53
5080,84,65
5081,66,46
5082,99,82
5083,52,34
5084,118,101
5085,73,57
5086,53,36
5087,106,90
5088,69,54
5089,90,75
5090,79,66
5091,112,94
5092,79,61
5093,56,37
5094,88,69
5095,62,47
5096,74,58
5097,76,60
5098,54,36
5099,75,56
5100,59,44
5101,64,47
5102,110,91
5103,90,71
5104,56,37
5105,67,48
5106,68,48
5107,63,46
5108,70,54
5109,63,51
5110,80,64
5111,79,63
5112,72,57
5113,66,48
5114,46,30
5115,46,33
5116,65,52
5117,52,38
5118,57,42
5119,69,57
5120,45,33
5121,83,65
5122,64,48
5123,124,106
5124,58,38
5125,59,44
5126,91,76
5127,62,48
5128,41,27
5129,67,53
5130,42,29
5131,76,61
5132,53,40
5133,23,11
5134,62,51
5135,54,40
5136,68,53
5137,95,76
5138,86,70
5139,66,48
5140,41,26
5141,78,63
5142,64,49
5143,96,77
5144,55,37
5145,73,52
5146,94,74
5147,85,65
5148,102,83
5149,52,35
5150,88,71
5151,35,17
5152,73,58
5153,61,43
5154,25,8
5155,52,38
5156,92,78
5157,62,50
5158,94,77
5159,118,102
5160,61,47
5161,71,55
5162,85,71
5163,43,26
5164,51,34
5165,120,101
5166,59,41
5167,53,37
5168,73,55
5169,52,35
5170,91,76
5171,69,54
5172,72,56
5173,95,78
5174,39,23
5175,36,22
5176,87,72
5177,43,30
5178,35,22
5179,79,61
5180,95,80
5181,41,27
5182,20,9
5183,73,57
5184,48,30
5185,50,35
5186,67,51
5187,72,50
5188,58,41
5189,36,20
5190,51,35
5191,88,75
5192,64,50
5193,85,70
5194,64,48
5195,60,44
5196,92,74
5197,47,31
5198,75,57
5199,68,50
5200,65,51
5201,82,65
5202,47,30
5203,120,99
5204,101,86
5205,45,33
5206,48,36
5207,51,41
5208,69,57
5209,56,41
5210,37,22
5211,61,48
5212,57,43
5213,59,46
5214,52,40
5215,51,37
5216,40,28
5217,57,40
5218,74,57
5219,92,76
5220,70,59
5221,46,32
5222,107,90
5223,80,66
5224,67,52
5225,63,52
5226,78,63
5227,45,31
5228,80,63
5229,81,67
5230,84,72
5231,30,17
5232,67,52
5233,51,39
5234,88,71
5235,72,56
5236,70,57
5237,49,36
5238,58,42
5239,67,50
5240,50,36
5241,45,35
5242,80,65
5243,32,15
5244,29,13
5245,60,43
5246,50,34
5247,68,53
5248,45,34
5249,79,65
5250,80,61
5251,58,41
5252,105,87
5253,65,50
5254,58,42
5255,70,49
5256,32,15
5257,85,64
5258,118,99
5259,85,66
5260,39,22
5261,78,62
5262,59,44
5263,62,47
5264,35,19
5265,36,20
5266,80,64
5267,43,28
5268,35,22
5269,46,33
5270,88,70
5271,92,72
5272,50,33
5273,80,61
5274,99,83
5275,75,60
5276,56,38
5277,58,37
5278,98,74
5279,93,69
5280,119,101
5281,93,75
5282,42,25
5283,90,69
5284,115,92
5285,125,106
5286,68,48
5287,60,41
5288,92,68
5289,103,82
5290,67,49
5291,91,69
5292,71,52
5293,68,53
5294,61,40
5295,68,49
5296,67,47
5297,105,86
5298,73,53
5299,106,85
5300,66,48
5301,90,69
5302,85,69
5303,40,21
5304,75,61
5305,90,73
5306,81,63
5307,61,47
5308,92,78
5309,100,84
5310,53,40
5311,69,51
5312,74,58
5313,74,55
5314,92,71
5315,53,35
5316,90,75
5317,78,60
5318,87,75
5319,99,82
5320,22,2
5321,51,33
5322,74,60
5323,74,56
5324,73,56
5325,74,56
5326,46,30
5327,60,45
5328,39,23
5329,79,61
5330,71,52
5331,113,92
5332,78,60
5333,64,46
5334,52,33
5335,69,50
5336,66,52
5337,72,53
5338,115,95
5339,59,41
5340,48,30
5341,86,69
5342,62,44
5343,59,44
5344,74,60
5345,107,85
5346,96,77
5347,50,32
5348,104,87
5349,97,80
5350,100,83
5351,61,48
5352,104,85
5353,82,64
5354,92,71
5355,70,48
5356,101,80
5357,87,70
5358,95,73
5359,104,82
5360,97,73
5361,132,110
5362,79,56
5363,60,42
5364,93,77
5365,98,83
5366,120,100
5367,34,14
5368,64,46
5369,77,62
5370,85,67
5371,89,73
5372,89,73
5373,37,24
5374,92,74
5375,70,52
5376,52,41
5377,77,60
5378,56,41
5379,66,50
5380,84,66
5381,44,30
5382,94,77
5383,40,26
5384,66,47
5385,86,67
5386,59,43
5387,70,56
5388,36,18
5389,51,37
5390,54,33
5391,60,42
5392,75,57
5393,80,64
5394,59,42
5395,64,50
5396,74,58
5397,95,78
5398,42,26
5399,103,80
5400,45,28
5401,62,46
5402,78,56
5403,74,59
5404,64,43
5405,84,62
5406,100,80
5407,44,27
5408,60,38
5409,101,85
5410,56,40
5411,71,56
5412,53,36
5413,37,20
5414,77,62
5415,65,49
5416,81,63
5417,98,76
5418,83,67
5419,52,37
5420,85,69
5421,61,46
5422,34,16
5423,23,9
5424,71,57
5425,33,21
5426,49,35
5427,84,67
5428,50,35
5429,60,44
5430,83,70
5431,69,52
5432,102,85
5433,60,41
5434,92,66
5435,97,72
5436,100,77
5437,81,62
5438,75,59
5439,57,40
5440,48,32
5441,66,47
5442,67,50
5443,100,82
5444,100,81
5445,100,83
5446,65,49
5447,58,43
5448,89,71
5449,57,37
5450,83,65
5451,98,79
5452,57,38
5453,79,63
5454,45,27
5455,65,53
5456,90,72
5457,15,0
5458,43,28
5459,83,67
5460,52,37
5461,52,39
5462,28,15
5463,100,83
5464,99,83
5465,30,15
5466,48,33
5467,53,41
5468,35,18
5469,51,37
5470,74,57
5471,60,44
5472,72,55
5473,87,71
5474,82,65
5475,51,34
5476,53,36
5477,49,34
5478,44,33
5479,62,48
5480,65,47
5481,82,69
5482,64,49
5483,23,10
5484,47,35
5485,67,54
5486,15,0
5487,46,35
5488,44,33
5489,68,53
5490,73,58
5491,74,59
5492,88,70
5493,96,81
5494,72,56
5495,77,60
5496,45,27
5497,60,43
5498,88,71
5499,84,63
5500,65,47
5501,45,26
5502,90,70
5503,90,72
5504,30,20
5505,29,13
5506,58,41
5507,64,48
5508,78,64
5509,85,66
5510,132,113
5511,99,82
5512,59,35
5513,90,67
5514,121,99
5515,72,54
5516,58,39
5517,65,46
5518,48,29
5519,70,53
5520,50,29
5521,97,79
5522,112,95
5523,40,27
5524,74,56
5525,77,60
5526,53,38
5527,69,53
5528,71,50
5529,101,85
5530,77,58
5531,62,39
5532,59,40
5533,88,70
5534,73,57
5535,63,47
5536,93,77
5537,23,7
5538,37,24
5539,94,80
5540,33,15
5541,94,79
5542,51,37
5543,45,31
5544,52,40
5545,76,64
5546,20,2
5547,90,78
5548,52,37
5549,84,70
5550,74,59
5551,83,65
5552,71,55
5553,61,42
5554,109,87
5555,72,55
5556,87,63
5557,70,55
5558,73,57
5559,68,54
5560,60,42
5561,50,34
5562,124,106
5563,71,49
5564,63,46
5565,109,88
5566,64,46
5567,85,68
5568,125,107
5569,57,36
5570,47,27
5571,50,34
5572,58,46
5573,37,21
5574,98,80
5575,99,81
5576,67,46
5577,73,52
5578,73,54
5579,105,85
5580,90,70
5581,90,75
5582,15,0
5583,64,46
5584,51,35
5585,86,65
5586,82,65
5587,69,53
5588,69,51
5589,63,44
5590,55,39
5591,76,58
5592,64,47
5593,59,42
5594,73,54
5595,24,5
5596,87,69
5597,108,88
5598,100,86
5599,64,48
5600,66,51
5601,55,42
5602,77,64
5603,96,82
5604,41,21
5605,55,40
5606,54,38
5607,60,44
5608,42,31
5609,69,55
5610,69,53
5611,38,26
5612,47,31
5613,74,58
5614,85,66
5615,88,69
5616,75,61
5617,81,59
5618,73,52
5619,67,48
5620,83,64
5621,82,63
5622,85,67
5623,137,118
5624,67,47
5625,106,90
5626,67,54
5627,89,69
5628,88,68
5629,74,59
5630,51,35
5631,72,56
5632,31,19
5633,84,65
5634,72,56
5635,122,103
5636,74,56
5637,60,49
5638,59,44
5639,77,62
5640,28,12
5641,51,34
5642,79,62
5643,65,48
5644,59,43
5645,68,53
5646,22,7
5647,78,58
5648,58,38
5649,79,63
5650,86,69
5651,56,40
5652,65,49
5653,50,37
5654,78,60
5655,56,40
5656,99,80
5657,56,35
5658,70,47
5659,90,72
5660,133,112
5661,76,57
5662,69,50
5663,55,36
5664,91,71
5665,72,50
5666,111,87
5667,36,20
5668,95,80
5669,79,64
5670,83,67
5671,47,31
5672,95,78
5673,95,75
5674,45,27
5675,63,49
5676,80,65
5677,57,43
5678,84,69
5679,62,49
5680,46,34
5681,29,16
5682,83,69
5683,40,25
5684,56,40
5685,67,55
5686,50,40
5687,79,63
5688,90,76
5689,50,32
5690,65,48
5691,54,39
5692,72,55
5693,67,54
5694,72,54
5695,80,63
5696,36,19
5697,56,39
5698,63,43
5699,114,95
5700,71,53
5701,77,59
5702,40,22
5703,31,17
5704,71,54
5705,109,94
5706,82,64
5707,47,26
5708,64,44
5709,119,96
5710,113,97
5711,36,17
5712,66,50
5713,124,107
5714,63,45
5715,70,51
5716,49,31
5717,65,48
5718,60,41
5719,38,23
5720,68,50
5721,72,57
5722,84,64
5723,57,40
5724,41,22
5725,62,49
5726,92,76
5727,109,90
5728,66,51
5729,78,59
5730,54,35
5731,53,33
5732,55,39
5733,67,51
5734,44,28
5735,71,52
5736,84,66
5737,89,70
5738,47,30
5739,74,58
5740,81,61
5741,68,49
5742,86,66
5743,90,70
5744,69,53
5745,67,50
5746,69,51
5747,41,25
5748,66,52
5749,47,35
5750,28,14
5751,78,64
5752,67,54
5753,84,67
5754,73,57
5755,44,29
5756,44,29
5757,41,27
5758,86,69
5759,106,88
5760,59,51
5761,71,53
5762,78,55
5763,96,78
5764,143,121
5765,70,50
5766,74,55
5767,42,27
5768,64,45
5769,66,48
5770,90,67
5771,86,69
5772,54,37
5773,70,53
5774,73,54
5775,54,38
5776,60,43
5777,72,58
5778,86,67
5779,44,27
5780,55,40
5781,66,53
5782,84,67
5783,37,19
5784,92,72
5785,87,69
5786,64,46
5787,83,67
5788,23,4
5789,66,48
5790,63,46
5791,97,82
5792,87,68
5793,77,58
5794,50,27
5795,214,186
5796,72,52
5797,97,72
5798,43,26
5799,56,37
5800,74,57
5801,99,82
5802,55,39
5803,86,72
5804,51,36
5805,72,58
5806,94,77
5807,59,41
5808,74,58
5809,57,40
5810,113,94
5811,35,17
5812,54,42
5813,65,53
5814,58,44
5815,72,59
5816,62,49
5817,69,52
5818,55,44
5819,34,19
5820,90,74
5821,24,10
5822,80,64
5823,63,46
5824,69,55
5825,53,40
5826,78,60
5827,67,49
5828,73,55
5829,59,43
5830,146,124
5831,98,82
5832,127,104
5833,113,97
5834,86,67
5835,92,77
5836,85,65
5837,66,51
5838,59,41
5839,54,35
5840,97,81
5841,63,48
5842,101,80
5843,47,29
5844,79,61
5845,60,41
5846,93,73
5847,30,13
5848,48,29
5849,62,44
5850,71,52
5851,68,52
5852,64,45
5853,82,62
5854,87,65
5855,99,81
5856,58,36
5857,82,65
5858,93,74
5859,39,21
5860,78,57
5861,118,100
5862,104,83
5863,63,43
5864,53,35
5865,81,64
5866,73,58
5867,104,87
5868,103,83
5869,80,64
5870,76,57
5871,60,42
5872,53,35
5873,68,52
5874,53,38
5875,65,45
5876,62,47
5877,56,38
5878,62,50
5879,80,65
5880,64,52
5881,43,30
5882,58,44
5883,66,47
5884,69,51
5885,97,82
5886,78,65
5887,88,72
5888,69,55
5889,64,49
5890,45,30
5891,36,21
5892,30,17
5893,46,35
5894,49,36
5895,43,32
5896,31,18
5897,42,27
5898,34,22
5899,59,46
5900,67,52
5901,80,67
5902,83,72
5903,65,49
5904,52,35
5905,54,38
5906,51,36
5907,57,37
5908,58,38
5909,123,106
5910,57,43
5911,101,86
5912,119,100
5913,114,97
5914,51,33
5915,49,34
5916,96,80
5917,72,55
5918,43,24
5919,118,99
5920,50,33
5921,68,52
5922,62,43
5923,46,29
5924,71,57
5925,56,38
5926,110,92
5927,52,33
5928,41,27
5929,62,45
5930,85,68
5931,92,73
5932,86,64
5933,49,31
5934,50,33
5935,112,96
5936,54,38
5937,74,56
5938,53,37
5939,63,43
5940,76,63
5941,53,36
5942,73,58
5943,54,39
5944,101,86
5945,77,64
5946,72,55
5947,53,40
5948,81,68
5949,33,20
5950,62,48
5951,22,6
5952,68,53
5953,70,51
5954,65,48
5955,56,39
5956,36,22
5957,36,24
5958,48,31
5959,51,36
5960,60,43
5961,29,16
5962,56,42
5963,53,38
5964,71,54
5965,33,21
5966,63,48
5967,56,41
5968,39,24
5969,48,35
5970,69,54
5971,64,51
5972,61,45
5973,44,29
5974,67,50
5975,85,67
5976,84,69
5977,88,72
5978,37,20
5979,39,26
5980,45,30
5981,67,51
5982,55,36
5983,90,73
5984,82,61
5985,90,72
5986,48,33
5987,31,18
5988,41,27
5989,80,67
5990,66,50
5991,47,31
5992,23,10
5993,35,21
5994,76,58
5995,53,35
5996,50,34
5997,72,56
5998,63,51
5999,57,44
6000,36,16
6001,38,23
6002,45,34
6003,84,67
6004,45,33
6005,65,52
6006,81,67
6007,74,62
6008,71,59
6009,28,19
6010,50,39
6011,65,51
6012,51,38
6013,49,34
6014,15,0
6015,66,48
6016,46,31
6017,47,28
6018,95,77
6019,78,62
6020,80,64
6021,46,30
6022,78,61
6023,75,60
6024,62,49
6025,68,56
6026,49,33
6027,29,16
6028,58,42
6029,101,87
6030,66,51
6031,106,85
6032,45,27
6033,104,85
6034,86,69
6035,62,46
6036,73,58
6037,63,50
6038,60,47
6039,28,16
6040,45,32
6041,58,48
6042,48,37
6043,64,51
6044,46,35
6045,71,57
6046,42,28
6047,56,43
6048,57,42
6049,51,34
6050,65,50
6051,59,38
6052,75,59
6053,56,38
6054,70,50
6055,25,12
6056,67,53
6057,48,30
6058,82,66
6059,84,68
6060,51,38
6061,49,33
6062,99,77
6063,91,72
6064,48,33
6065,69,49
6066,87,70
6067,65,49
6068,37,22
6069,95,80
6070,102,85
6071,34,17
6072,64,44
6073,67,49
6074,109,90
6075,72,54
6076,61,47
6077,64,45
6078,64,50
6079,64,48
6080,40,26
6081,77,61
6082,52,39
6083,61,50
6084,36,21
6085,34,17
6086,76,60
6087,50,37
6088,63,47
6089,85,70
6090,51,38
6091,91,75
6092,51,41
6093,89,74
6094,77,64
6095,65,46
6096,93,73
6097,46,28
6098,86,70
6099,83,65
6100,39,21
6101,62,47
6102,63,48
6103,55,40
6104,77,60
6105,66,54
6106,62,48
6107,57,44
6108,97,79
6109,60,40
6110,90,71
6111,51,35
6112,96,79
6113,30,17
6114,57,44
6115,44,30
6116,59,46
6117,58,42
6118,59,40
6119,54,38
6120,55,41
6121,62,45
6122,104,86
6123,46,29
6124,45,26
6125,77,62
6126,90,74
6127,40,27
6128,119,99
6129,128,109
6130,34,19
6131,103,85
6132,54,37
6133,97,79
6134,90,68
6135,143,118
6136,45,23
6137,84,65
6138,77,57
6139,79,63
6140,28,10
6141,91,70
6142,74,57
6143,84,63
6144,41,28
6145,80,65
6146,82,68
6147,78,63
6148,63,50
6149,77,62
6150,69,53
6151,64,48
6152,94,73
6153,62,48
6154,80,63
6155,75,59
6156,131,114
6157,68,54
6158,44,28
6159,74,58
6160,59,44
6161,57,39
6162,85,70
6163,124,106
6164,84,66
6165,99,73
6166,77,64
6167,53,36
6168,84,71
6169,48,37
6170,49,35
6171,60,43
6172,35,21
6173,73,54
6174,60,46
6175,71,57
6176,62,44
6177,100,87
6178,85,66
6179,83,68
6180,94,79
6181,92,75
6182,55,39
6183,70,54
6184,100,81
6185,48,33
6186,42,27
6187,66,52
6188,97,80
6189,115,94
6190,45,26
6191,63,45
6192,53,39
6193,46,31
6194,69,54
6195,54,39
6196,61,43
6197,51,34
6198,46,31
6199,53,38
6200,39,22
6201,90,74
6202,47,33
6203,64,45
6204,84,69
6205,65,48
6206,79,64
6207,83,68
6208,66,51
6209,51,34
6210,51,36
6211,46,29
6212,106,91
6213,66,52
6214,58,41
6215,51,33
6216,104,88
6217,39,25
6218,71,55
6219,37,24
6220,38,21
6221,83,65
6222,85,68
6223,56,39
6224,39,23
6225,106,85
6226,59,39
6227,89,73
6228,94,77
6229,49,31
6230,61,47
6231,61,45
6232,34,21
6233,21,6
6234,58,40
6235,118,100
6236,75,58
6237,116,88
6238,86,61
6239,98,75
6240,72,51
6241,92,74
6242,73,56
6243,91,73
6244,40,25
6245,48,30
6246,32,20
6247,32,19
6248,66,51
6249,37,25
6250,44,31
6251,63,51
6252,58,44
6253,38,23
6254,57,44
6255,78,64
6256,39,21
6257,95,79
6258,61,48
6259,52,37
6260,140,119
6261,70,51
6262,80,64
6263,82,66
6264,53,37
6265,86,68
6266,94,73
6267,52,34
6268,56,42
6269,96,80
6270,69,56
6271,63,52
6272,84,73
6273,46,26
6274,43,29
6275,61,44
6276,73,55
6277,74,59
6278,85,66
6279,71,57
6280,53,35
6281,95,79
6282,26,12
6283,52,36
6284,44,30
6285,83,69
6286,66,52
6287,41,28
6288,62,49
6289,62,48
6290,54,42
6291,47,35
6292,74,58
6293,78,63
6294,84,67
6295,50,36
6296,60,46
6297,81,66
6298,97,83
6299,72,58
6300,41,27
6301,85,70
6302,40,28
6303,47,35
6304,48,34
6305,69,57
6306,38,24
6307,63,49
6308,85,70
6309,64,50
6310,64,46
6311,96,80
6312,68,52
6313,73,57
6314,67,50
6315,56,39
6316,57,38
6317,45,30
6318,44,28
6319,38,23
6320,110,90
6321,62,43
6322,96,78
6323,83,65
6324,82,67
6325,72,53
6326,71,49
6327,71,50
6328,88,68
6329,98,80
6330,88,69
6331,68,50
6332,52,37
6333,119,96
6334,73,56
6335,59,45
6336,94,75
6337,89,72
6338,71,55
6339,45,32
6340,60,44
6341,61,45
6342,74,60
6343,50,36
6344,37,22
6345,67,52
6346,66,51
6347,79,63
6348,38,26
6349,56,41
6350,66,51
6351,67,51
6352,44,27
6353,35,18
6354,54,40
6355,49,33
6356,63,49
6357,67,53
6358,20,6
6359,59,44
6360,110,94
6361,84,68
6362,67,52
6363,45,31
6364,51,39
6365,87,74
6366,85,67
6367,35,24
6368,48,32
6369,37,25
6370,70,59
6371,73,58
6372,90,76
6373,80,63
6374,67,50
6375,71,57
6376,77,60
6377,56,39
6378,51,34
6379,53,37
6380,81,65
6381,52,38
6382,64,52
6383,80,68
6384,76,61
6385,92,78
6386,72,55
6387,97,80
6388,105,84
6389,79,63
6390,50,33
6391,110,94
6392,37,22
6393,81,64
6394,98,80
6395,79,60
6396,71,55
6397,83,65
6398,82,66
6399,59,44
