event_no,0
1599,490
4394,487
2425,483
4728,481
2309,475
5361,474
1651,474
2253,474
2307,470
1135,470
2299,469
5435,467
1586,466
4392,466
2966,465
2630,465
918,465
51,465
2298,465
4726,464
1560,464
1600,464
1652,464
4108,463
2297,463
1995,463
3621,463
2252,463
1287,462
2229,462
5617,462
1431,461
1883,461
2294,461
3875,460
2316,460
1644,460
1886,460
1587,460
1537,460
1873,460
1589,459
1565,458
4458,458
5797,458
2231,457
2689,457
4727,457
1590,457
2318,456
3014,456
115,456
5360,456
2953,456
1168,456
5556,456
4093,456
5291,455
1577,455
3501,454
4730,454
1562,454
1998,454
1245,454
3567,454
5832,454
1574,453
1503,453
3578,453
1128,453
5433,452
4707,452
1887,452
3502,452
2300,452
1602,451
1601,451
1617,451
1874,451
6320,451
1553,451
1229,451
1389,450
3015,450
2426,450
4835,450
2945,450
3565,450
2825,450
1650,450
5297,449
1592,449
1559,449
5975,449
1588,449
4395,449
2293,449
2996,449
5554,449
78,448
5621,448
2893,448
3401,448
2296,448
4768,448
4105,448
6225,448
2295,448
4711,448
1526,448
260,448
29,448
127,447
4723,447
3503,447
2302,447
3853,447
4825,446
2690,446
1137,446
2028,446
4115,446
4110,446
2951,446
2009,446
5618,445
4446,445
42,445
1127,445
5623,445
5624,445
6135,445
2292,445
736,445
1572,445
1969,445
774,445
2230,444
3576,444
1591,444
1872,444
6165,444
5368,444
2894,444
4464,444
5778,444
5660,443
1876,443
1613,443
849,443
3852,443
6326,443
5662,443
2472,443
4385,443
3855,443
3682,443
6239,443
3690,443
2422,443
117,443
4766,442
3000,442
517,442
2371,442
4705,442
4834,442
3850,442
2423,442
1563,442
2896,442
2259,442
1994,442
3581,442
3580,442
1326,441
5041,441
3529,441
5622,441
5661,441
1279,441
5372,441
2030,441
5718,441
2235,441
1126,441
2484,441
1578,441
3685,441
1133,441
5314,441
2181,441
14,440
412,440
4393,440
1884,440
5665,440
3003,440
2563,440
1648,440
2410,440
15,440
4168,440
2380,440
2824,440
3574,440
1519,440
5278,440
5437,439
2301,439
36,439
2947,439
4167,439
2900,439
3989,439
1213,439
266,439
6062,439
1604,439
5436,439
5362,439
5358,439
1877,439
1561,438
2027,438
781,438
4459,438
530,438
2312,438
4119,438
1484,438
2232,438
2485,438
231,438
5359,438
3899,438
2191,438
214,438
1888,437
5371,437
2373,437
2370,437
4800,437
3338,437
3190,437
2826,437
4331,437
5273,437
1653,437
53,437
2486,437
4104,437
2320,437
2481,437
2628,437
824,437
2691,436
2965,436
1142,436
5501,436
892,436
3356,436
2632,436
4708,436
2719,436
4618,436
4398,436
1263,436
2306,436
3403,436
16,436
211,436
4696,436
6237,436
1828,436
1132,436
840,435
3530,435
5585,435
5105,435
1663,435
2321,435
4816,435
626,435
3126,435
5367,435
1584,435
1662,435
2361,435
2098,435
1163,435
2631,435
3191,435
225,435
906,435
4117,435
3976,435
6017,435
1880,435
3337,434
329,434
5723,434
5740,434
2238,434
324,434
3193,434
100,434
5345,434
577,434
5369,434
5434,434
38,434
3517,434
2244,434
2946,434
4832,434
1594,434
39,434
5795,434
1603,434
2496,434
3420,434
2029,434
3918,434
3255,434
3915,434
1227,433
1892,433
121,433
2317,433
5106,433
2968,433
2898,433
2998,433
2254,433
2411,433
2949,433
2346,433
3877,433
2399,433
3336,433
5658,433
3626,433
1546,433
327,433
2561,433
330,433
2311,433
3970,433
2170,433
1946,433
2482,433
1654,433
3681,433
1870,433
5284,432
6164,432
5,432
5710,432
2629,432
4786,432
5123,432
1618,432
2408,432
1861,432
586,432
5553,432
2421,432
4118,432
4377,432
1982,432
741,432
2314,432
4250,432
4037,432
3847,432
5313,432
1504,432
1875,432
1162,432
2017,432
722,432
5165,432
4179,432
2122,431
431,431
4300,431
2369,431
739,431
1614,431
1960,431
3399,431
4106,431
1246,431
92,431
3568,431
6124,431
49,431
5146,431
1743,431
832,431
2169,431
323,431
2303,431
2168,431
124,431
2428,431
3042,431
2263,431
2633,431
4826,431
4781,431
3307,431
5913,431
2575,431
3145,431
44,430
3504,430
3925,430
5729,430
2636,430
123,430
2892,430
3697,430
4853,430
5916,430
5577,430
2178,430
1889,430
3343,430
448,430
1278,430
4767,430
5270,430
1353,430
2364,430
1286,430
603,430
1354,430
2365,430
3973,429
3491,429
4819,429
2627,429
1209,429
495,429
2434,429
4793,429
3358,429
5356,429
3148,429
417,429
3851,429
2686,429
1736,429
5620,429
4669,429
5443,429
5784,429
1272,429
2701,429
4456,429
3854,429
3512,429
4095,429
5441,429
4854,429
425,429
4798,428
1170,428
2999,428
1580,428
2216,428
4635,428
2217,428
1544,428
1616,428
5655,428
4355,428
1885,428
3001,428
4359,428
4818,428
5569,428
2012,428
2931,428
823,428
352,428
3906,428
364,428
5405,428
4251,428
2376,428
2010,428
5285,428
4344,427
438,427
4587,427
2699,427
4876,427
1557,427
1581,427
4334,427
48,427
4713,427
2641,427
3442,427
5338,427
4729,427
3672,427
4380,426
4460,426
165,426
2948,426
723,426
4107,426
2177,426
845,426
2827,426
917,426
3071,426
2564,426
322,426
2283,426
13,426
2101,426
1315,426
5317,426
2424,426
5399,426
1521,426
1548,426
2799,426
2250,426
81,426
4644,426
1485,426
5352,426
1645,426
5518,426
1646,426
738,426
528,426
3916,426
5555,426
4099,426
171,426
979,426
3731,426
2218,425
594,425
3569,425
2909,425
3575,425
1160,425
77,425
2815,425
3579,425
5168,425
835,425
834,425
2895,425
4771,425
43,425
3971,425
328,425
5531,425
2801,425
2413,425
3564,425
2284,425
5844,425
1321,425
2359,425
5627,425
5711,425
4789,425
5159,425
5800,425
1167,425
2684,425
6163,424
4655,424
3680,424
2245,424
4827,424
1948,424
1916,424
4753,424
4457,424
2660,424
625,424
4401,424
1527,424
2233,424
4153,424
2663,424
1951,424
4632,424
3006,424
1627,424
5290,424
3009,424
2243,424
2905,424
2974,424
2536,424
1867,424
1288,424
4706,424
2943,424
3914,424
981,424
1141,424
1598,424
1195,424
8,423
2427,423
5659,423
1283,423
5514,423
1520,423
4109,423
3097,423
3616,423
4151,423
3098,423
5289,423
5203,423
785,423
2635,423
7,423
1274,423
775,423
2002,423
2926,423
3886,423
2255,423
5355,423
5402,423
1823,423
1597,423
5766,423
611,423
1545,423
5713,423
1539,423
4356,423
1324,423
3342,423
3500,423
5147,423
769,423
312,423
737,423
3898,423
309,423
3144,423
3339,423
2885,423
311,423
67,422
838,422
3133,422
4468,422
4985,422
3963,422
1058,422
2845,422
883,422
4479,422
1570,422
3029,422
2882,422
2441,422
1649,422
1893,422
4192,422
4725,422
4653,422
5277,422
1623,422
4337,422
4336,422
4073,422
9,422
2247,422
5974,422
2706,422
3,422
1134,422
2435,422
2258,422
1516,422
1868,422
5187,422
1507,422
5495,422
2260,422
505,422
3849,422
6243,421
3004,421
468,421
889,421
6238,421
3416,421
1629,421
2220,421
5557,421
4749,421
771,421
4671,421
2239,421
1655,421
1136,421
851,421
3018,421
259,421
4121,421
2257,421
3643,421
4116,421
320,421
1976,421
3013,421
3628,421
3627,421
5247,421
1010,421
5384,421
1242,421
4790,421
3527,421
4652,421
5366,421
4760,421
5854,421
4449,421
5801,421
2183,421
2185,421
5513,421
600,421
3981,421
40,421
724,421
1879,421
3340,421
1558,421
41,421
895,421
1532,421
3398,421
734,421
5299,421
1540,421
2360,420
1325,420
4656,420
5529,420
2993,420
2925,420
2021,420
2460,420
3978,420
5663,420
5390,420
1862,420
5281,420
318,420
2347,420
335,420
5724,420
5404,420
3010,420
5908,420
1012,420
5699,420
2471,420
2592,420
784,420
1742,420
1524,420
54,420
3686,420
4059,420
4836,420
4806,420
5417,420
3431,420
5977,420
5103,420
4799,420
547,420
2450,420
2727,420
1784,420
3499,420
1275,420
3531,420
5204,420
859,420
5619,420
2994,420
5042,420
821,419
126,419
2964,419
1741,419
5846,419
1161,419
2967,419
5576,419
3209,419
1273,419
6200,419
2104,419
893,419
4643,419
3012,419
5374,419
1430,419
1576,419
1882,419
2162,419
1154,419
5166,419
3987,419
456,419
2928,419
3514,419
432,419
3622,419
1661,419
1830,419
1996,419
5697,419
598,419
2024,419
1232,419
226,419
790,419
227,419
1824,419
970,418
5649,418
2025,418
5444,418
5656,418
3011,418
1244,418
5454,418
2930,418
1289,418
2692,418
4735,418
1214,418
1212,418
4666,418
539,418
4185,418
3582,418
727,418
5279,418
3573,418
4188,418
4228,418
419,418
4103,418
1660,418
5782,418
3510,418
2462,418
5798,418
2171,418
1488,418
1637,418
4849,418
489,418
4389,418
506,418
597,418
515,418
2828,418
1564,418
3400,418
531,418
154,418
5972,418
1881,418
733,418
5282,418
1352,418
772,418
3689,418
1790,418
4881,418
1785,418
3674,418
3936,418
4716,418
797,418
4111,418
4524,418
1579,418
2337,418
2519,418
91,418
2814,417
2226,417
5633,417
3419,417
4165,417
2813,417
6143,417
5647,417
5257,417
3691,417
2866,417
374,417
68,417
232,417
3684,417
5448,417
2256,417
3433,417
326,417
2917,417
4236,417
3927,417
4178,417
450,417
6226,417
455,417
3625,417
5654,417
1752,417
1226,417
4274,417
224,417
474,417
480,417
1093,417
270,417
4341,417
1953,417
5307,417
3189,417
4664,417
1997,417
2645,417
3207,417
4621,417
6323,417
2511,417
2092,417
3864,417
6345,417
1438,417
725,417
2961,417
2577,417
5406,417
1323,417
3354,417
1568,417
1131,417
2798,416
1789,416
2634,416
1826,416
3038,416
4804,416
5104,416
2623,416
4724,416
3129,416
5271,416
3007,416
2123,416
2308,416
80,416
3620,416
65,416
6152,416
3094,416
2313,416
837,416
63,416
4972,416
258,416
4171,416
2483,416
2915,416
2698,416
4920,416
6240,416
3256,416
3432,416
496,416
3282,416
2228,416
1528,416
5298,416
4267,416
4361,416
3405,416
1180,416
516,416
3402,416
5657,416
4698,416
476,416
4421,416
2970,416
2240,416
3566,416
4461,416
1585,416
102,416
2642,416
2687,416
4851,416
50,416
5293,416
5512,416
5780,416
909,416
4715,416
6223,416
3897,416
4648,415
4651,415
4695,415
1054,415
1115,415
5589,415
1567,415
3360,415
4420,415
665,415
1495,415
1505,415
4829,415
161,415
4384,415
4040,415
5909,415
5459,415
4317,415
5339,415
5158,415
2375,415
2236,415
3516,415
2281,415
426,415
2366,415
5292,415
5280,415
375,415
4855,415
5311,415
884,415
2618,415
5579,415
4732,415
6387,415
2702,415
2911,415
2659,415
5664,415
5666,415
1991,415
3591,415
3100,415
2172,415
743,415
82,415
2165,415
110,415
3099,415
3142,415
2324,414
2319,414
2023,414
1788,414
1856,414
2018,414
5100,414
5039,414
1891,414
4704,414
1855,414
4923,414
5463,414
5274,414
1693,414
1208,414
2732,414
2733,414
1265,414
5432,414
1317,414
2603,414
1344,414
2754,414
2535,414
5364,414
2494,414
1439,414
1517,414
1547,414
4712,414
1555,414
1632,414
1643,414
1659,414
5286,414
1573,414
1968,414
5644,414
5720,414
3624,414
3152,414
3980,414
885,414
230,414
5762,414
2916,414
3208,414
4191,414
3937,414
1067,414
4277,414
848,414
3031,414
479,414
6162,414
504,414
2037,414
370,414
3913,414
4182,414
4588,414
4630,414
4463,414
3912,414
4592,414
5712,414
4189,414
4071,414
5862,414
3679,414
627,414
79,414
5568,413
2291,413
5294,413
3703,413
4476,413
2234,413
4094,413
5758,413
2121,413
2697,413
2344,413
5592,413
2890,413
371,413
2349,413
234,413
2548,413
5739,413
6373,413
1211,413
1239,413
1999,413
828,413
3695,413
5456,413
1745,413
3128,413
5283,413
1665,413
55,413
5563,413
2440,413
1611,413
313,413
4902,413
4400,413
5143,413
1139,413
3668,413
2954,413
3669,413
1575,413
1107,413
3359,413
3355,413
1118,413
3320,413
3344,413
1782,413
155,413
866,413
1494,413
4038,413
2616,413
3495,413
3688,413
1642,413
3041,413
1057,413
2757,413
2637,413
5917,413
4453,413
3938,413
1630,413
3030,413
3027,413
4995,413
4169,412
4591,412
349,412
5705,412
1757,412
1751,412
2610,412
334,412
814,412
359,412
3422,412
5799,412
2378,412
4423,412
1624,412
1491,412
4407,412
73,412
503,412
1469,412
4309,412
526,412
4335,412
548,412
612,412
5927,412
3327,412
5796,412
1641,412
5388,412
46,412
3590,412
5380,412
5737,412
5370,412
3583,412
1694,412
770,412
5357,412
1,412
1429,412
1658,412
1993,412
436,412
4462,412
2476,412
4252,412
4762,412
3334,412
4649,412
5153,412
1138,412
5591,412
1915,412
3962,412
1220,412
2867,412
2720,412
4734,412
5499,412
5140,412
6321,412
3921,412
5188,412
5124,412
2242,412
2914,412
263,412
1182,412
103,412
1866,412
1235,412
3770,412
1270,412
5650,412
106,412
5493,412
1056,412
2179,412
6215,411
5727,411
2124,411
3253,411
5530,411
1610,411
2395,411
5169,411
1700,411
2348,411
6336,411
83,411
5038,411
4030,411
5363,411
1695,411
2872,411
6018,411
6276,411
2469,411
1457,411
2081,411
1935,411
2480,411
3519,411
1044,411
163,411
2857,411
5354,411
2363,411
2861,411
6229,411
916,411
6065,411
5743,411
4114,411
3125,411
222,411
5259,411
1165,411
868,411
2091,411
3017,411
1525,411
2640,411
5717,411
6108,411
5706,411
861,411
833,411
623,411
551,411
5648,411
5861,411
3926,411
2013,411
2991,411
27,411
5252,411
6154,411
1754,411
1106,411
119,411
514,411
1949,411
5287,410
1615,410
5288,410
2507,410
860,410
4031,410
6241,410
1345,410
4298,410
5707,410
4830,410
3062,410
4231,410
1452,410
5919,410
1864,410
2971,410
5315,410
592,410
5337,410
1551,410
6022,410
1992,410
418,410
458,410
6126,410
3497,410
1571,410
439,410
112,410
4072,410
3730,410
2282,410
6227,410
1538,410
4396,410
3070,410
2888,410
2019,410
4784,410
5722,410
5853,410
3879,410
3910,410
2331,410
1147,410
1957,410
3881,410
3081,410
5848,410
4787,410
2901,410
1720,410
1230,410
4791,410
3692,410
2540,410
1351,410
3055,410
6391,410
3063,410
3088,410
787,410
1398,410
1346,410
2932,410
4403,410
4186,410
2042,409
2377,409
3975,409
4898,409
3404,409
6327,409
4307,409
170,409
3889,409
4448,409
4452,409
5830,409
1631,409
164,409
2107,409
4981,409
3257,409
1931,409
3797,409
4831,409
3795,409
552,409
1878,409
3378,409
4314,409
6376,409
4342,409
3392,409
2089,409
4422,409
1164,409
616,409
5828,409
5867,409
3676,409
362,409
28,409
4788,409
2543,409
1820,409
1005,409
4590,409
2571,409
2339,409
5726,409
3608,409
2249,409
336,409
1247,409
1756,409
2626,409
373,409
1950,409
5416,409
5635,409
5084,409
2942,409
3640,409
2658,409
5704,409
886,409
3659,409
1945,409
2956,409
3678,409
2887,409
2040,409
3928,409
5072,409
3745,409
6072,409
6380,409
47,409
3496,409
2740,409
735,409
5341,409
5346,409
1433,409
4101,409
2871,409
2463,409
695,409
5461,409
3687,408
483,408
6141,408
113,408
4080,408
6123,408
1857,408
444,408
1569,408
2285,408
2100,408
166,408
114,408
4070,408
6375,408
5186,408
4173,408
5258,408
3563,408
1608,408
233,408
1822,408
1683,408
2343,408
1832,408
1619,408
2372,408
6224,408
4960,408
6203,408
1596,408
5245,408
4308,408
6000,408
2110,408
1739,408
340,408
93,408
6205,408
4333,408
4287,408
2174,408
5604,408
720,408
1409,408
2510,408
3052,408
1166,408
4659,408
5857,408
1523,408
1064,408
4469,408
4382,408
3032,408
5759,408
1178,408
5442,408
4654,408
2430,408
887,408
4828,408
3057,408
5574,408
4765,408
5625,408
1125,408
5616,408
2004,408
1554,408
2557,408
4778,408
1216,408
2072,408
5674,408
2549,408
4731,408
776,408
1332,408
825,408
5776,407
2479,407
4255,407
5668,407
983,407
4472,407
5783,407
3528,407
2643,407
3954,407
6397,407
5201,407
4523,407
2559,407
809,407
4180,407
2001,407
2587,407
3603,407
3610,407
2599,407
6112,407
1432,407
1755,407
3049,407
5744,407
4290,407
413,407
2638,407
3161,407
3008,407
4190,407
2573,407
4445,407
3941,407
1500,407
5491,407
2737,407
6319,407
6264,407
5845,407
2227,407
1851,407
1819,407
4343,407
6316,407
6314,407
3778,407
5551,407
1932,407
1529,407
5535,407
6281,407
1190,407
2853,407
3969,407
12,407
2708,407
2879,407
2878,407
1626,407
4694,407
2173,407
602,407
3939,407
75,407
162,407
5570,407
2729,407
3357,407
491,407
2199,406
2574,406
3630,406
3977,406
5261,406
111,406
4697,406
5721,406
5073,406
6109,406
3844,406
4672,406
2591,406
1140,406
1340,406
1746,406
6122,406
2611,406
4172,406
1225,406
6193,406
982,406
2670,406
99,406
5628,406
5445,406
1259,406
3743,406
25,406
5670,406
2963,406
5673,406
5439,406
5694,406
3874,406
3760,406
1761,406
2310,406
1173,406
3777,406
1863,406
5546,406
580,406
1522,406
2340,406
4852,406
5865,406
4383,406
5859,406
1923,406
513,406
4466,406
6395,406
3143,406
2120,406
5301,406
5842,406
2438,406
52,406
1492,406
1487,406
3533,406
693,406
5022,406
3477,406
1440,406
4244,406
4338,406
2478,406
5914,406
3896,406
6099,406
5375,406
3364,406
4340,406
3905,406
2551,406
6311,405
1625,405
5473,405
1196,405
5466,405
4098,405
5074,405
1490,405
3857,405
1224,405
1927,405
2251,405
6341,405
5316,405
5794,405
6325,405
5516,405
4637,405
4987,405
1502,405
3424,405
4917,405
5500,405
2031,405
1894,405
2823,405
5148,405
4667,405
1069,405
173,405
1541,405
613,405
1144,405
5145,405
1859,405
6394,405
5521,405
2751,405
499,405
2190,405
2429,405
11,405
4045,405
4444,405
446,405
394,405
5218,405
4234,405
310,405
1428,405
5709,405
319,405
2286,405
759,405
2514,405
836,405
45,405
5715,405
3534,405
1399,405
778,405
3101,405
2550,405
3060,405
3605,405
5040,405
5255,405
5385,405
4183,405
2562,405
6388,405
3135,405
5714,405
1657,405
289,405
3169,405
391,404
5719,404
5525,404
3577,404
3705,404
386,404
2032,404
1930,404
3341,404
2820,404
3934,404
2015,404
4944,404
1153,404
3908,404
3793,404
2315,404
1530,404
3947,404
1243,404
628,404
4817,404
5097,404
2939,404
4680,404
5510,404
3319,404
2800,404
4682,404
3066,404
726,404
3084,404
5907,404
2097,404
4877,404
3675,404
2290,404
4184,404
2322,404
262,404
6344,404
980,404
4699,404
2368,404
3461,404
3614,404
4112,404
5548,404
2995,404
1845,404
4406,404
1001,404
2997,404
490,404
5045,404
664,404
4929,404
3887,404
3158,404
1493,404
295,404
2578,404
421,404
1987,404
3441,404
4426,404
2897,404
415,404
1426,404
4035,404
5856,404
2008,404
6069,404
5855,404
2358,404
5614,404
6280,404
5194,404
2497,404
1053,404
4399,404
4402,404
1320,404
1971,404
2225,404
1753,404
5091,403
6,403
3923,403
6328,403
17,403
2119,403
2155,403
2011,403
5085,403
2164,403
104,403
4945,403
5503,403
4371,403
5586,403
2921,403
125,403
2913,403
2910,403
2700,403
604,403
5911,403
5578,403
663,403
4330,403
4310,403
510,403
1606,403
1201,403
2394,403
2617,403
2941,403
1486,403
3440,403
1285,403
4770,403
1347,403
2556,403
5379,403
4535,403
2523,403
765,403
5761,403
1482,403
3168,403
3171,403
4756,403
5781,403
5335,403
2452,403
4438,403
6001,403
493,403
477,403
4710,403
3709,403
242,403
3714,403
4113,403
228,403
205,403
1853,403
2819,403
1869,403
5520,403
4033,403
6285,403
3998,403
2194,403
2188,403
5179,403
6209,403
2822,403
1733,403
3550,403
5560,403
3561,403
1705,403
3593,403
2338,403
2335,403
2330,403
839,403
1740,403
4665,403
6136,403
2750,402
2664,402
2661,402
4714,402
4668,402
4679,402
4611,402
2868,402
2625,402
4703,402
2651,402
2180,402
2558,402
2555,402
2184,402
2196,402
4034,402
3763,402
3683,402
3871,402
4152,402
4170,402
3637,402
4959,402
4217,402
2388,402
2398,402
3368,402
3321,402
4362,402
3308,402
2093,402
4376,402
3272,402
4408,402
4815,402
3196,402
3167,402
3134,402
3369,402
3935,402
740,402
659,402
6318,402
5847,402
1217,402
971,402
1956,402
1234,402
5300,402
105,402
1712,402
5265,402
1381,402
1692,402
6067,402
354,402
5994,402
5840,402
1191,402
910,402
1181,402
508,402
1055,402
5774,402
5982,402
1455,402
1809,402
1356,402
540,402
6061,402
1483,402
5822,402
5831,402
5348,402
5492,402
1011,402
87,402
646,402
5331,402
6093,402
5438,402
558,402
587,402
1550,402
5708,402
2033,402
2000,402
6071,402
6020,402
5418,402
583,402
6390,402
2039,401
31,401
2881,401
3791,401
268,401
4032,401
3917,401
1744,401
780,401
5984,401
1758,401
3979,401
1938,401
1443,401
4299,401
5122,401
1322,401
5474,401
6137,401
6074,401
5808,401
5820,401
5742,401
212,401
4780,401
2830,401
5415,401
4477,401
206,401
1854,401
6228,401
5764,401
3729,401
3025,401
5768,401
4238,401
6261,401
3406,401
6266,401
4908,401
4647,401
522,401
5565,401
2198,401
2195,401
5792,401
3210,401
1605,401
852,401
3883,401
34,401
1240,401
3856,401
915,401
3428,401
4370,401
377,401
5408,401
5021,401
332,401
3498,401
3618,401
5102,401
1373,401
1966,401
2554,401
798,401
3080,401
2506,401
4216,401
2381,401
3493,401
1276,401
2682,401
3005,401
4363,401
360,401
6389,401
901,401
5738,401
1954,401
3846,401
3848,401
3880,401
1215,401
4757,401
4754,401
2379,401
3265,401
6023,401
2466,401
6110,400
4776,400
6073,400
1542,400
1260,400
3309,400
5922,400
404,400
395,400
596,400
3526,400
4779,400
6054,400
6221,400
2803,400
3366,400
5427,400
5184,400
1735,400
1737,400
1218,400
3646,400
2333,400
3271,400
2730,400
6128,400
5953,400
3666,400
321,400
2646,400
2648,400
3363,400
4719,400
578,400
272,400
4717,400
1172,400
1171,400
5970,400
2279,400
4709,400
1210,400
2771,400
4390,400
6198,400
576,400
6199,400
4824,400
3469,400
2918,400
3983,400
5736,400
3427,400
4642,400
2919,400
4102,400
1944,400
988,400
3103,400
3988,400
5741,400
1003,400
4933,400
1015,400
3122,400
3796,400
5121,400
168,400
1917,400
4574,400
116,400
98,400
961,400
864,400
3919,400
26,400
873,400
2058,400
4265,400
891,400
2516,400
2080,400
5730,400
4247,400
4245,400
924,400
2505,400
3961,400
3494,400
5645,400
3410,400
2409,400
4239,400
1059,400
1045,400
1904,400
5540,400
176,400
2869,400
4074,400
5763,400
5505,399
923,399
6263,399
2674,399
2676,399
5860,399
356,399
2969,399
2367,399
3562,399
3759,399
1419,399
4387,399
811,399
2683,399
339,399
5377,399
3429,399
4683,399
453,399
1711,399
223,399
6190,399
1959,399
2241,399
758,399
3065,399
3909,399
4,399
10,399
392,399
1556,399
1388,399
870,399
2022,399
3454,399
3335,399
3452,399
2056,399
5519,399
850,399
4051,399
2237,399
475,399
6342,399
1871,399
2518,399
481,399
6097,399
844,399
589,399
3051,399
366,399
4681,399
1261,399
518,399
3198,399
4718,399
4455,399
4803,399
2734,399
4044,399
2437,399
5222,399
4930,399
5833,399
4822,399
5199,399
5141,399
2884,399
3115,399
1489,399
271,399
2442,399
2883,399
437,399
257,399
4447,399
542,399
5497,399
2276,399
5498,399
2903,399
2305,399
2473,399
2864,399
4858,399
5745,399
2613,399
3845,399
5851,399
4297,399
2704,399
5392,399
4958,399
783,399
2608,399
3841,399
4950,399
5534,399
3367,399
5973,399
500,399
5597,399
6278,399
1350,398
4801,398
2546,398
3409,398
2544,398
1442,398
5926,398
435,398
3525,398
429,398
1496,398
6064,398
1531,398
2622,398
492,398
1359,398
3412,398
4769,398
5306,398
2417,398
5976,398
507,398
4226,398
5076,398
1583,398
107,398
3147,398
5564,398
5669,398
4584,398
4586,398
5532,398
5671,398
5162,398
1975,398
3186,398
5170,398
2094,398
5775,398
1812,398
5672,398
919,398
3199,398
4060,398
4050,398
2950,398
946,398
4978,398
6324,398
2929,398
4943,398
4942,398
5646,398
5593,398
4028,398
3140,398
5590,398
95,398
5099,398
5587,398
1921,398
5125,398
5573,398
1984,398
6206,398
2088,398
1119,398
5250,398
306,398
1714,398
6343,398
890,398
854,398
5068,398
2685,398
624,398
3615,398
3310,398
4357,398
4761,398
3331,398
1295,398
1612,398
2396,398
5464,398
4579,398
6133,398
6393,398
3248,398
4124,398
4599,398
1120,398
3243,398
2984,398
4404,398
5494,398
1396,398
2278,398
1797,398
3700,398
6384,397
857,397
2975,397
2959,397
3043,397
894,397
3154,397
4572,397
4690,397
5937,397
1248,397
1241,397
2693,397
3273,397
2721,397
662,397
550,397
4339,397
4430,397
2756,397
5793,397
4332,397
2595,397
974,397
4684,397
2796,397
4673,397
5528,397
4470,397
745,397
5918,397
1052,397
2863,397
2572,397
1019,397
4536,397
3113,397
677,397
3459,397
4100,397
2323,397
2431,397
4990,397
1499,397
1713,397
3974,397
6060,397
1473,397
5253,397
3806,397
175,397
5320,397
4142,397
6138,397
2475,397
6155,397
6160,397
2289,397
2288,397
2353,397
6111,397
2356,397
3876,397
4850,397
4846,397
385,397
1628,397
1633,397
3572,397
3866,397
1566,397
3966,397
1656,397
1972,397
3607,397
1543,397
1952,397
89,397
2362,397
347,397
6188,397
6134,397
5043,397
3476,397
5167,397
4266,397
4077,397
30,397
1865,397
2262,397
5353,397
3728,397
3727,397
1829,397
3943,397
451,397
1798,397
4249,397
4794,397
4467,396
2223,396
4177,396
1858,396
4378,396
3185,396
4122,396
3604,396
1077,396
730,396
1964,396
6222,396
1089,396
5651,396
4670,396
215,396
5549,396
2111,396
3595,396
363,396
3322,396
3601,396
217,396
2352,396
2795,396
1697,396
1121,396
1748,396
2725,396
2726,396
2647,396
1759,396
773,396
5490,396
6218,396
5114,396
292,396
3677,396
2175,396
4909,396
4061,396
658,396
2261,396
2891,396
1732,396
1117,396
4901,396
1006,396
4079,396
1219,396
3984,396
2248,396
5615,396
136,396
4570,396
782,396
3698,396
1703,396
2385,396
2526,396
2498,396
3434,396
3878,396
5731,396
37,396
2553,396
4617,396
1985,396
1277,396
459,396
5391,396
2490,396
6032,396
1441,396
2079,396
1444,396
4620,396
812,396
3944,396
5980,396
2589,396
6045,396
6337,396
3888,396
2992,396
1355,396
2464,396
3074,396
6036,396
4253,396
2390,396
2401,396
3028,396
4275,396
2046,396
6078,396
2102,396
2533,396
4583,396
2055,396
3932,396
863,396
2106,396
5365,396
2875,395
264,395
3174,395
761,395
2829,395
2874,395
3411,395
5205,395
5340,395
763,395
6173,395
5533,395
1156,395
1780,395
728,395
5126,395
434,395
1844,395
502,395
4501,395
5547,395
1825,395
3192,395
4289,395
2504,395
220,395
1813,395
473,395
721,395
229,395
6214,395
4488,395
1091,395
4878,395
4650,395
3704,395
6197,395
1124,395
1043,395
3463,395
3511,395
1896,395
2831,395
5083,395
3694,395
6094,395
4419,395
2978,395
2157,395
999,395
4540,395
1721,395
4821,395
3068,395
2461,395
3281,395
2436,395
786,395
1509,395
3549,395
977,395
1078,395
5409,395
5870,395
4983,395
2412,395
4979,395
396,395
595,395
2955,395
1264,395
5431,395
2397,395
382,395
585,395
378,395
6332,395
4381,395
3799,395
822,395
3064,395
5475,395
1933,395
5229,395
532,395
4593,395
2722,395
1734,395
3266,395
2457,395
4984,394
118,394
5087,394
3872,394
2221,394
3091,394
5086,394
3033,394
3774,394
3086,394
1016,394
5584,394
4482,394
4924,394
829,394
2952,394
158,394
167,394
796,394
3867,394
847,394
5732,394
2068,394
2906,394
3809,394
1905,394
5603,394
5139,394
3834,394
6273,394
4996,394
846,394
3972,394
1007,394
3149,394
1014,394
4646,394
2083,394
2161,394
2067,394
4640,394
6333,394
789,394
2972,394
2927,394
152,394
2003,394
831,394
1130,394
3024,394
4233,394
3655,394
2728,394
4721,394
4424,394
5308,394
4227,394
1787,394
1318,394
4820,394
527,394
5189,394
525,394
5325,394
3693,394
5469,394
5458,394
1459,394
331,394
4379,394
3285,394
5864,394
1647,394
3602,394
376,394
5263,394
3262,394
6095,394
574,394
3350,394
4345,394
2705,394
2707,394
3221,394
2439,394
4751,394
6212,394
1808,394
2791,394
2532,394
3471,394
5779,394
5773,394
2552,394
3178,394
5398,394
5381,394
6031,394
1365,394
5803,394
3423,394
3515,394
5397,394
5786,394
5440,393
3085,393
3449,393
6329,393
3036,393
4837,393
3940,393
4276,393
4633,393
1382,393
4634,393
3922,393
4614,393
2116,393
4752,393
472,393
2935,393
120,393
4969,393
2130,393
1412,393
2474,393
5930,393
2973,393
62,393
4773,393
6035,393
6046,393
1329,393
2499,393
2131,393
908,393
1506,393
4764,393
4223,393
3958,393
5941,393
411,393
409,393
2619,393
3362,393
6070,393
888,393
1420,393
4631,393
1552,393
3873,393
1843,393
4720,393
4429,393
4451,393
4882,393
4919,393
3783,393
3136,393
1169,393
5127,393
2718,393
5583,393
6161,393
1177,393
3661,393
3660,393
1017,393
182,393
2859,393
3699,393
2854,393
5802,393
4701,393
3744,393
4481,393
1827,393
5765,393
3159,393
2810,393
2224,393
1094,393
732,393
1092,393
2818,393
4163,393
337,393
2138,393
4391,393
3112,393
2695,393
3825,393
6132,393
1223,393
139,393
2908,393
2342,393
3267,393
2703,393
3645,393
2325,393
6131,393
2899,393
4868,393
3287,393
338,393
1000,393
6322,392
4273,392
3708,392
3735,392
3594,392
5858,392
3166,392
5770,392
3483,392
3633,392
795,392
4280,392
6331,392
3982,392
3211,392
5746,392
4539,392
4522,392
5839,392
4010,392
4388,392
5931,392
802,392
4428,392
5929,392
265,392
4436,392
3570,392
521,392
3137,392
428,392
4046,392
3333,392
3843,392
6399,392
1175,392
1348,392
1411,392
1794,392
1593,392
2539,392
1988,392
4733,392
1549,392
4626,392
1669,392
2528,392
4928,392
5111,392
1435,392
5296,392
2694,392
1342,392
2495,392
5667,392
2134,392
1704,392
1418,392
5652,392
2681,392
5226,392
2513,392
1513,392
4700,392
5305,392
5419,392
5496,392
1458,392
2547,392
1800,392
2222,392
2768,392
5329,392
5185,392
5080,392
2639,392
2738,392
4616,392
4982,392
5107,392
1262,392
5094,392
1363,392
1197,392
2621,392
5342,392
2839,391
122,391
5019,391
1852,391
5144,391
3311,391
4502,391
6125,391
1716,391
5550,391
3950,391
599,391
5567,391
3138,391
4758,391
1063,391
1046,391
4863,391
5558,391
637,391
2351,391
365,391
5843,391
4976,391
4903,391
2374,391
3761,391
1192,391
5477,391
1638,391
90,391
96,391
666,391
4906,391
1973,391
372,391
4702,391
3259,391
4471,391
5515,391
629,391
76,391
5451,391
1681,391
5452,391
3283,391
1293,391
5849,391
3277,391
1518,391
4176,391
4062,391
2788,391
4989,391
3862,391
430,391
3127,391
2154,391
4619,391
235,391
4007,391
1397,391
920,391
2957,391
4311,391
3518,391
6301,391
4257,391
1814,391
288,391
2053,391
32,391
4329,391
3090,391
1360,391
2570,391
5191,391
5081,391
3020,391
1936,391
3435,391
1937,391
881,391
3701,391
882,391
478,391
1370,391
3044,391
4025,391
4598,391
4934,391
5688,391
4018,391
2057,391
160,391
549,391
2614,391
2904,391
56,391
2489,391
1831,391
1760,391
1313,391
3904,391
5412,391
3110,391
2620,391
5221,391
5393,390
6033,390
1609,390
2624,390
2717,390
3323,390
2192,390
2567,390
2673,390
3780,390
1383,390
2568,390
661,390
5413,390
4026,390
4949,390
6034,390
3437,390
4292,390
4847,390
4029,390
3444,390
3332,390
4848,390
3810,390
3535,390
1385,390
632,390
1339,390
4964,390
1501,390
4374,390
408,390
2200,390
2668,390
631,390
4745,390
2501,390
4230,390
1919,390
5981,390
1258,390
2147,390
4915,390
4368,390
4910,390
3460,390
5852,390
2581,390
5101,390
557,390
4056,390
2403,390
2139,390
2515,390
2382,390
2357,390
3924,390
6191,390
3040,390
1110,390
4578,390
3613,390
4493,390
3187,390
3955,390
3911,390
5594,390
84,390
5595,390
345,390
204,390
1668,390
978,390
1084,390
1815,390
899,390
5537,390
2923,390
2834,390
815,390
5276,390
4174,390
3902,390
4141,390
744,390
706,390
4627,390
5698,390
6265,390
6208,390
862,390
4589,390
2977,390
3050,390
1622,390
2877,390
1803,390
3223,390
210,390
2769,390
762,390
4894,390
1990,390
5183,390
5154,390
5575,390
4181,390
4689,390
942,390
4543,389
447,389
4595,389
5228,389
4349,389
559,389
5689,389
1449,389
1008,389
4042,389
842,389
3513,389
5411,389
4150,389
5923,389
560,389
1436,389
6005,389
2612,389
2026,389
5195,389
5676,389
5202,389
4268,389
2960,389
1343,389
4585,389
2576,389
5082,389
5193,389
4772,389
2152,389
4304,389
5023,389
290,389
6142,389
2512,389
2149,389
5400,389
3485,389
221,389
544,389
2749,389
6028,389
965,389
1833,389
4155,389
4861,389
3837,389
5543,389
5692,389
1086,389
1687,389
3619,389
2542,389
3617,389
2802,389
639,389
1678,389
641,389
1860,389
710,389
18,389
2086,389
3203,389
2714,389
4900,389
190,389
1129,389
4454,389
4839,389
5804,389
2763,389
2035,389
4443,389
1384,389
2739,389
1174,389
1621,389
622,389
4628,389
3165,389
5447,389
3326,389
2865,389
3891,389
6129,389
5912,389
307,389
5142,389
4857,389
4225,389
4658,389
5905,389
3538,389
4354,389
3156,389
4755,389
3539,389
3330,389
3048,389
766,389
1071,389
69,389
3304,389
6121,389
1039,389
1390,388
1387,388
6213,388
4889,388
4288,388
4879,388
2166,388
2541,388
2269,388
2384,388
1783,388
1582,388
6118,388
6113,388
4201,388
407,388
355,388
400,388
4063,388
5113,388
4092,388
4838,388
1634,388
6098,388
3762,388
4187,388
4222,388
4823,388
201,388
5150,388
3524,388
4241,388
4807,388
5151,388
5152,388
298,388
3663,388
1766,388
4796,388
5173,388
6019,388
4795,388
6157,388
2470,388
3711,388
2007,388
6349,388
2066,388
4366,388
2137,388
2662,388
2821,388
986,388
4956,388
579,388
3087,388
3901,388
5771,388
941,388
5410,388
913,388
5070,388
4629,388
5950,388
2606,388
4373,388
1955,388
3377,388
4722,388
694,388
2776,388
1979,388
5806,388
3218,388
2764,388
5096,388
1159,388
1983,388
5020,388
2838,388
3254,388
2873,388
2117,388
4742,388
3276,388
777,388
6340,388
6310,388
2778,388
1335,388
2156,388
4316,388
529,388
3999,388
5517,388
6372,388
4777,388
1338,388
878,388
4675,388
5075,388
497,388
3034,388
621,387
2876,387
1508,387
1228,387
4397,387
4792,387
1533,387
2886,387
2525,387
2889,387
1349,387
2677,387
4916,387
2407,387
6287,387
4747,387
1764,387
779,387
5455,387
4248,387
2797,387
4511,387
3206,387
6204,387
3808,387
3225,387
4437,387
2103,387
2074,387
5829,387
2741,387
6096,387
1620,387
1183,387
3039,387
6003,387
3629,387
1686,387
1193,387
4166,387
2400,387
3465,387
2793,387
1393,387
4544,387
4596,387
6021,387
5925,387
4351,387
4346,387
2988,387
1924,387
562,387
3507,387
4921,387
5137,387
1701,387
5716,387
5211,387
6103,387
813,387
1410,387
457,387
1922,387
2605,387
142,387
3380,387
4797,387
4246,387
5884,387
4353,387
6151,387
237,387
3467,387
987,387
3468,387
2524,387
5446,387
718,387
905,387
2655,387
2933,387
948,387
6279,387
5327,387
2644,387
5915,387
2189,387
2468,387
1068,387
4940,387
2517,387
5920,387
5011,387
2841,386
1702,386
2836,386
3632,386
3163,386
4474,386
4293,386
1042,386
907,386
858,386
4895,386
2268,386
4888,386
4880,386
5175,386
267,386
5192,386
1786,386
4581,386
1041,386
4639,386
5027,386
66,386
4521,386
3737,386
757,386
4097,386
2858,386
5756,386
729,386
660,386
1319,386
3466,386
1237,386
1386,386
1514,386
4970,386
4962,386
4008,386
5886,386
1898,386
3408,386
3177,386
4235,386
2455,386
1299,386
2538,386
1939,386
5421,386
159,386
1453,386
1451,386
2146,386
442,386
2594,386
2615,386
4328,386
5407,386
1424,386
463,386
4193,386
4302,386
644,386
3623,386
4676,386
716,386
348,386
5018,386
5511,386
4295,386
5009,386
3430,386
5389,386
3755,386
2209,386
1145,386
3492,386
1368,386
3242,386
3246,386
1233,386
6091,386
3858,386
4024,386
3585,386
648,386
2406,386
4738,386
6297,385
3931,385
2,385
22,385
23,385
6294,385
6335,385
6211,385
169,385
2219,385
193,385
4082,385
4078,385
2109,385
3953,385
3765,385
1848,385
1961,385
181,385
2133,385
5163,385
1834,385
2135,385
6347,385
1947,385
2145,385
5044,385
172,385
179,385
2987,385
3390,385
5785,385
2521,385
3021,385
1422,385
6029,385
449,385
3505,385
1148,385
697,385
1116,385
5326,385
5319,385
383,385
2792,385
5312,385
416,385
5772,385
3188,385
1515,385
1108,385
3182,385
1534,385
2420,385
676,385
675,385
6006,385
2755,385
5910,385
3345,385
555,385
1252,385
5401,385
1337,385
5978,385
4315,385
2672,385
5450,385
4312,385
520,385
519,385
5394,385
4785,385
5985,385
3252,385
5997,385
5489,385
3436,385
1176,385
393,385
1478,385
5524,385
5598,385
5613,385
1715,385
3095,385
5626,385
963,385
3649,385
5243,385
4154,385
927,385
1750,385
3061,385
3667,385
296,385
5695,385
897,385
5219,385
4612,385
4549,385
1296,385
5588,385
6102,385
358,385
1666,385
2880,385
3596,385
1636,385
361,385
2862,385
731,385
109,384
1958,384
1236,384
4748,384
2989,384
4600,384
2902,384
4375,384
6350,384
2669,384
6374,384
24,384
880,384
5702,384
3317,384
867,384
3016,384
1271,384
1231,384
4973,384
101,384
719,384
3213,384
3224,384
4547,384
5093,384
2070,384
3960,384
1970,384
3865,384
2938,384
3945,384
3263,384
962,384
3861,384
137,384
6339,384
5684,384
4500,384
3882,384
1207,384
1978,384
4427,384
244,384
2649,384
3506,384
3508,384
2458,384
422,384
4054,384
3547,384
4212,384
1635,384
4904,384
5149,384
1639,384
1640,384
2212,384
4091,384
5295,384
1672,384
4175,384
6236,384
3631,384
3639,384
1747,384
5234,384
6386,384
1818,384
4896,384
219,384
4125,384
6156,384
2280,384
4886,384
1907,384
6378,384
509,384
6299,384
6289,384
2488,384
2584,384
3415,384
2569,384
3417,384
2153,384
2265,384
1366,384
4294,384
3801,384
2545,384
4774,384
3448,384
4282,384
5420,384
5969,384
1400,384
6179,383
4874,383
5251,383
5734,383
4156,383
5958,383
5190,383
5703,383
5889,383
4582,383
4123,383
5047,383
6352,383
6351,383
5227,383
5449,383
5256,383
6298,383
3986,383
4039,383
4641,383
5612,383
4041,383
6008,383
5502,383
4813,383
4270,383
4433,383
5309,383
6286,383
6063,383
4833,383
5429,383
4027,383
3952,383
5580,383
5983,383
4897,383
6242,383
4528,383
4530,383
4557,383
4561,383
4615,383
3181,383
2590,383
3035,383
788,383
3219,383
1427,383
293,383
1407,383
285,383
1394,383
3794,383
3240,383
2833,383
2197,383
1312,383
3278,383
2332,383
1282,383
926,383
184,383
943,383
174,383
325,383
3197,383
3305,383
1497,383
1781,383
1806,383
1810,383
1749,383
1902,383
1719,383
3132,383
3146,383
3600,383
423,383
6379,383
3172,383
389,383
3173,383
2041,383
3058,383
353,383
2051,383
3758,383
944,383
2907,383
2675,383
3393,383
3929,383
2715,383
2565,383
6392,383
1122,383
3421,383
2477,383
21,383
2653,383
966,383
2531,383
2465,383
3907,383
1018,383
72,382
71,382
2607,382
2059,382
1080,382
4120,382
5323,382
1897,382
5906,382
3111,382
2529,382
5599,382
4058,382
3863,382
2090,382
5232,382
582,382
1817,382
2979,382
801,382
3673,382
5787,382
5542,382
3184,382
3732,382
4783,382
638,382
615,382
5850,382
2650,382
3150,382
1677,382
3742,382
5246,382
6026,382
420,382
5095,382
1595,382
1914,382
4083,382
5790,382
2534,382
1986,382
4580,382
381,382
5536,382
3707,382
3107,382
4240,382
4506,382
573,382
4261,382
4905,382
904,382
3275,382
2211,382
4688,382
2264,382
467,382
3470,382
1294,382
202,382
2327,382
4862,382
2724,382
2731,382
4527,382
6260,382
1250,382
561,382
3316,382
2345,382
5481,382
3306,382
2759,382
2753,382
1333,382
871,382
6195,382
3414,382
1413,382
6027,382
6140,382
3407,382
2922,382
1066,382
4525,382
1096,382
6153,382
4243,382
2126,382
6398,382
3478,382
2158,382
5382,382
4661,382
5387,382
4417,382
2835,382
3720,382
546,382
4925,382
2817,382
1724,382
4782,382
5472,381
5887,381
5899,381
5552,381
4149,381
4148,381
1771,381
5933,381
1763,381
742,381
5262,381
5826,381
937,381
3295,381
1301,381
1357,381
853,381
1103,381
3489,381
5526,381
1417,381
1421,381
5347,381
5728,381
1448,381
5733,381
5735,381
746,381
1199,381
3205,381
5767,381
717,381
1009,381
4475,381
5823,381
3123,381
4131,381
3766,381
2038,381
5110,381
3835,381
35,381
3860,381
6178,381
4927,381
85,381
1943,381
2680,381
414,381
6066,381
1980,381
397,381
4645,381
33,381
2912,381
4638,381
294,381
2043,381
2118,381
3838,381
5016,381
4140,381
5006,381
4997,381
4994,381
4740,381
3772,381
6196,381
4993,381
2275,381
466,381
5999,381
4859,381
6257,381
147,381
3713,381
2350,381
3948,381
6282,381
240,381
5993,381
4907,381
5939,381
304,380
947,380
793,380
4971,380
2105,380
2982,380
185,380
2405,380
3842,380
297,380
2748,380
2940,380
1221,380
984,380
3302,380
150,380
1113,380
879,380
2794,380
261,380
4256,380
869,380
5403,380
1327,380
2805,380
2182,380
5610,380
4009,380
207,380
3418,380
3803,380
5378,380
4660,380
2267,380
2148,380
3509,380
284,380
1358,380
3665,380
2099,380
3903,380
5115,380
3546,380
3141,380
445,380
630,380
1918,380
454,380
1903,380
5866,380
6004,380
2666,380
1847,380
5156,380
5539,380
4775,380
4515,380
1062,380
1804,380
5223,380
1770,380
4325,380
5971,380
5196,380
5928,380
5210,380
554,380
1929,380
3885,380
1708,380
380,380
5336,380
760,380
4814,380
5324,380
5010,380
5321,380
715,380
4597,380
1510,380
703,380
4562,380
4465,380
702,380
681,380
4563,380
64,380
1684,380
1680,380
3396,380
1667,380
4195,380
958,380
5527,379
3365,379
2459,379
4360,379
1082,379
3313,379
2742,379
2433,379
1070,379
4365,379
4441,379
1188,379
1710,379
3151,379
4483,379
1689,379
1690,379
5275,379
5269,379
5116,379
2383,379
4498,379
5254,379
6368,379
5155,379
1836,379
4538,379
1679,379
1934,379
1965,379
2054,379
5328,379
5332,379
1454,379
2962,379
5350,379
2160,379
1336,379
4911,379
3270,379
1291,379
1266,379
2334,379
4856,379
1051,379
6361,379
3647,379
3776,379
5788,379
140,379
146,379
714,379
3445,379
3823,379
6100,379
357,379
3764,379
4043,379
3710,379
3490,379
830,379
921,379
3486,379
843,379
856,379
5687,379
3798,379
5696,379
5562,379
6292,379
5836,379
3609,379
3644,379
3920,379
4162,379
5904,379
581,379
3900,379
5596,379
4313,379
3394,379
5951,379
273,379
4306,379
537,379
1791,378
1364,378
1940,378
4526,378
2136,378
4516,378
6051,378
1369,378
4953,378
6150,378
441,378
1341,378
3117,378
865,378
1511,378
4936,378
6167,378
3160,378
4425,378
705,378
541,378
791,378
2842,378
5952,378
1468,378
6059,378
4215,378
6084,378
709,378
5267,378
1406,378
5036,378
5024,378
1447,378
3589,378
2113,378
4975,378
6052,378
6120,378
1050,378
6175,378
3395,378
2326,378
4000,378
4866,378
2665,378
4865,378
3870,378
4348,378
4746,378
954,378
1194,378
2491,378
4741,378
5636,378
4674,378
153,378
4845,378
2712,378
2447,378
3324,378
3462,378
1085,378
3836,378
6360,378
2210,378
1013,378
1281,378
4686,378
1300,378
4006,378
2807,378
5424,378
3946,378
2600,378
1305,378
6189,378
1081,378
2786,378
239,378
4810,377
3716,377
465,377
1909,377
482,377
461,377
1895,377
2656,377
5244,377
2493,377
5160,377
498,377
4128,377
4537,377
2583,377
6334,377
6048,377
2667,377
4529,377
5938,377
6357,377
1821,377
6277,377
4564,377
5013,377
4613,377
2986,377
2087,377
4055,377
6139,377
203,377
2870,377
282,377
4891,377
2855,377
4691,377
216,377
4505,377
4012,377
2808,377
6234,377
191,377
6312,377
344,377
1941,377
2736,377
2415,377
3985,377
4571,377
1981,377
6089,377
6396,377
6262,377
2044,377
5065,377
5056,377
6107,377
6256,377
6254,377
4957,377
5506,377
1403,377
5465,377
674,377
3164,377
989,377
3425,377
4214,377
975,377
755,377
3315,377
3548,377
5725,377
656,377
816,377
1437,377
1423,377
4386,377
826,377
3274,377
3268,377
3241,377
3251,377
5602,377
4367,377
3636,377
3381,377
3379,377
5571,377
1047,377
5260,377
5003,376
4998,376
333,376
317,376
213,376
3002,376
315,376
3523,376
588,376
2785,376
1074,376
553,376
1268,376
4622,376
3457,376
810,376
929,376
2071,376
4601,376
5343,376
5037,376
5638,376
1450,376
1456,376
3037,376
4053,376
3464,376
4893,376
1725,376
5701,376
900,376
3247,376
2151,376
1334,376
6180,376
2812,376
841,376
2186,376
5869,376
4036,376
5682,376
241,376
4242,376
912,376
4974,376
1297,376
2958,376
922,376
314,376
1284,376
2108,376
3545,376
6171,376
1189,376
3664,376
6313,376
1114,376
5108,376
94,376
3179,376
3176,376
2355,376
3121,376
4199,376
1906,376
5264,376
4211,376
2566,376
485,376
3155,376
3606,376
668,376
534,376
3587,376
3592,376
3361,376
3597,376
2451,376
3967,376
5631,376
399,376
3827,376
1002,376
4575,376
5924,376
2014,376
756,376
1967,376
950,375
5691,375
5600,375
1314,375
3453,375
2520,375
61,375
3397,375
2585,375
6185,375
6207,375
19,375
2762,375
4405,375
6354,375
4023,375
6356,375
3473,375
3279,375
959,375
2787,375
3325,375
3426,375
2597,375
4812,375
5507,375
985,375
88,375
2652,375
4870,375
3965,375
4350,375
2386,375
2503,375
2215,375
945,375
2214,375
4759,375
5522,375
6359,375
4504,375
4663,375
5180,375
341,375
5841,375
5344,375
5989,375
5995,375
1840,375
346,375
800,375
3054,375
6106,375
6105,375
4450,375
4194,375
379,375
2020,375
2016,375
4198,375
5088,375
1535,375
5330,375
4577,375
3733,375
4087,375
3194,375
443,375
698,375
3180,375
4609,375
4605,375
427,375
650,375
4415,375
568,375
3238,375
3771,375
2848,375
3612,375
643,375
291,375
2934,375
4499,375
2115,375
4048,375
308,375
820,375
4980,375
4052,375
5875,375
2096,375
4963,375
462,374
4808,374
620,374
2487,374
5302,374
5544,374
535,374
4802,374
575,374
5224,374
569,374
647,374
672,374
1083,374
5835,374
6047,374
5272,374
1772,374
1989,374
6050,374
6202,374
827,374
5863,374
2125,374
6146,374
1391,374
247,374
1380,374
5349,374
4968,374
4961,374
855,374
6159,374
276,374
6176,374
819,374
2270,374
5303,374
1150,374
5777,374
144,374
1123,374
747,374
5089,374
6293,374
4931,374
4873,374
957,374
6269,374
1200,374
5025,374
1238,374
2328,374
484,374
1890,374
2976,374
3482,374
4519,374
3802,374
3083,374
3736,374
3702,374
4286,374
3212,374
4364,374
3022,374
4081,374
4237,374
3023,374
4610,374
3353,374
3484,374
3026,374
4164,374
2774,374
4254,374
4492,374
3804,374
2790,374
3157,374
3346,374
4678,374
2832,374
3991,374
3635,374
3116,374
6362,374
4685,374
4014,374
2840,374
3077,373
1401,373
2852,373
6366,373
3657,373
5769,373
2758,373
2752,373
6267,373
1060,373
601,373
4946,373
704,373
1963,373
523,373
2811,373
990,373
3544,373
5239,373
5237,373
5607,373
5235,373
6166,373
1913,373
4576,373
3792,373
5386,373
4657,373
4318,373
2924,373
5936,373
4197,373
563,373
6130,373
2389,373
5077,373
6317,373
3480,373
5827,373
1779,373
6024,373
460,373
5509,373
3351,373
1682,373
4737,373
6086,373
1470,373
1796,373
5028,373
764,373
1104,373
3642,373
6076,373
1475,373
1776,373
1179,373
2580,373
5757,373
4484,373
469,373
5266,373
1446,373
5700,373
464,373
1075,373
645,373
1461,373
5268,373
3046,373
799,373
2985,373
4932,372
4594,372
4662,372
390,372
969,372
5629,372
4926,372
6044,372
2837,372
494,372
6385,372
405,372
2201,372
3102,372
1479,372
1372,372
940,372
911,372
3139,372
3455,372
6007,372
6119,372
3019,372
3089,372
5333,372
2140,372
5990,372
3670,372
5752,372
5098,372
2114,372
1688,372
3789,372
1685,372
2069,372
699,372
1330,372
2052,372
3839,372
57,372
5838,372
4004,372
5935,372
6295,372
4871,372
3964,372
5582,372
108,372
617,372
1037,372
4326,372
2467,372
5942,372
186,372
3990,372
5164,372
2456,372
183,372
2735,372
673,372
6300,372
5815,372
5209,372
5206,372
149,372
1158,372
5457,372
3280,372
1306,372
6201,372
2678,372
1799,372
5791,372
1316,372
2784,372
3329,372
3106,372
1926,372
20,372
686,372
218,372
3890,372
688,372
5874,371
2582,371
5197,371
1205,371
2588,371
3741,371
6306,371
3942,371
5462,371
1073,371
2601,371
4478,371
3949,371
3352,371
651,371
3487,371
3520,371
4232,371
1464,371
5753,371
5051,371
5061,371
1099,371
6079,371
2500,371
1184,371
3537,371
5171,371
1222,371
5069,371
4068,371
1977,371
3244,371
5643,371
5940,371
1004,371
2150,371
4941,371
3269,371
4892,371
690,371
5967,371
2789,371
4558,371
1928,371
4510,371
524,371
4200,371
1361,371
5789,371
4872,371
1290,371
5566,371
1395,371
1065,371
4271,371
1805,371
2765,371
1040,371
3458,371
5079,371
972,371
157,371
3658,371
536,370
3746,370
4157,370
1722,370
5902,370
5814,370
4206,370
5809,370
5215,370
5834,370
5176,370
679,370
701,370
3650,370
452,370
3671,370
4147,370
3571,370
501,370
2596,370
3634,370
6371,370
5675,370
4977,370
928,370
4860,370
5561,370
1035,370
4965,370
1034,370
138,370
2132,370
4283,370
4875,370
3779,370
1112,370
3784,370
5430,370
5639,370
3443,370
3868,370
4305,370
4410,370
3249,370
3250,370
4890,370
6194,370
2266,370
3474,370
188,370
6353,370
410,370
5318,370
3385,370
6088,370
388,370
1149,370
1472,370
6077,370
4369,370
3757,370
3479,370
2341,370
4372,370
3540,370
2716,370
4263,370
3413,369
5955,369
5230,369
678,369
5819,369
6210,369
6216,369
5480,369
3298,369
151,369
2402,369
614,369
2287,369
5212,369
4001,369
3930,369
6283,369
6275,369
1767,369
198,369
1769,369
6330,369
591,369
3261,369
2163,369
252,369
471,369
2860,369
1111,369
4496,369
3226,369
872,369
368,369
5755,369
4491,369
6355,369
4076,369
6090,369
3599,369
4487,369
1466,369
4763,369
2586,369
803,369
6383,369
6377,369
794,369
4967,369
5523,369
269,369
692,369
4021,369
3807,369
1105,369
3451,369
5642,369
4285,369
58,369
3237,369
2850,369
3769,369
667,369
486,369
2005,369
1088,369
5470,368
1673,368
3371,368
5541,368
804,368
1481,368
4221,368
3522,368
3216,368
1717,368
3475,368
1723,368
1402,368
953,368
1362,368
5396,368
3258,368
691,368
5422,368
3288,368
1292,368
5217,368
1251,368
1249,368
1775,368
992,368
5138,368
4358,368
4991,368
3754,368
245,368
5921,368
3662,368
3751,368
5008,368
2049,368
238,368
3749,368
4739,368
4809,368
5026,368
3748,368
5979,368
511,368
3104,368
6219,368
4126,368
6220,368
5986,368
4090,368
148,368
2419,368
4869,368
2143,368
3734,368
3069,368
593,368
2696,368
2936,368
283,368
3641,368
274,368
281,368
2856,368
4624,368
4625,368
5900,368
642,368
2920,368
351,368
4546,368
3175,367
1676,367
2063,367
3284,367
2128,367
2779,367
4017,367
6233,367
4955,367
4085,367
6049,367
4952,367
5059,367
4219,367
1036,367
299,367
4431,367
2809,367
4883,367
4303,367
5004,367
4623,367
342,367
5605,367
6085,367
2112,367
4914,367
997,367
2073,367
1474,367
925,367
4885,367
4432,367
5310,367
4411,367
398,367
4636,367
991,367
6255,367
2144,367
6305,367
5966,367
3347,367
3372,367
609,367
5890,367
1768,367
4569,367
2522,367
1090,367
4548,367
5811,367
3314,367
1185,367
1109,367
5488,367
1762,367
3130,367
685,367
3653,367
4347,367
5220,367
5883,367
86,367
5161,367
1204,367
3638,367
636,367
2746,367
2414,367
633,367
619,367
2416,367
5998,367
3376,367
5879,367
1157,366
1434,366
5641,366
369,366
4948,366
251,366
4951,366
1795,366
5630,366
5395,366
2085,366
2609,366
4020,366
4067,366
4284,366
4262,366
671,366
4272,366
4922,366
6177,366
5816,366
4913,366
4409,366
5207,366
5012,366
6038,366
60,366
130,366
2006,366
6365,366
6037,366
3047,366
3170,366
4486,366
6308,366
5304,366
3726,366
192,366
1699,366
3542,366
4130,366
2277,366
806,366
5947,366
6087,366
817,366
2772,366
4323,366
4138,366
4514,366
4556,366
6075,366
3997,365
6268,365
2187,365
1029,365
6174,365
3384,365
2770,365
3894,365
5468,365
2579,365
3373,365
2761,365
3814,365
5601,365
1304,365
59,365
3312,365
998,365
6315,365
3832,365
2527,365
5606,365
2274,365
1298,365
1022,365
4301,365
187,365
4442,365
5117,365
6057,365
6104,365
4497,365
6053,365
2082,365
367,365
543,365
3053,365
5754,365
4209,365
3532,365
6058,365
3201,365
1738,365
5249,365
1729,365
6363,365
2983,365
5135,365
5805,365
939,365
951,365
752,365
4064,365
5046,365
3073,365
2127,365
1842,365
3153,365
6116,365
1850,365
5810,365
6015,365
3819,364
2047,364
3296,364
3076,364
6296,364
5067,364
3722,364
5383,364
3696,364
4159,364
6358,364
3114,364
5198,364
3559,364
2671,364
6346,364
5894,364
1101,364
1728,364
5131,364
5957,364
132,364
1187,364
533,364
3555,364
4203,364
3067,364
5060,364
5062,364
4473,364
275,364
1392,364
4918,364
5351,364
343,364
1445,364
5609,364
3521,364
387,364
3245,364
6081,364
4887,364
807,364
805,364
3202,364
3611,364
1267,364
1698,364
5747,364
3747,364
4005,364
3816,364
1607,364
6244,364
6168,363
5885,363
316,363
70,363
634,363
4278,363
6117,363
3719,363
3787,363
606,363
605,363
5807,363
4281,363
3541,363
6304,363
3833,363
4089,363
6068,363
1021,363
6307,363
808,363
749,363
1023,363
3812,363
3821,363
4075,363
6284,363
4016,363
689,363
255,363
875,363
1038,363
4440,363
5426,363
2492,363
2846,363
2418,363
3118,363
5078,363
5071,363
1498,363
3183,363
1670,363
2849,363
2723,363
3120,363
4520,363
2710,363
1726,363
2713,363
2065,363
5476,363
3131,363
2775,363
2804,363
4912,363
3318,363
2760,363
1146,363
4550,363
1371,363
1974,363
2208,363
2509,363
5157,363
236,362
208,362
903,362
5414,362
748,362
4213,362
5002,362
6245,362
4494,362
2213,362
4220,362
6169,362
1477,362
4939,362
1460,362
4260,362
254,362
133,362
5428,362
2167,362
6192,362
6382,362
5242,362
545,362
5053,362
1816,362
1841,362
1807,362
3588,362
6030,362
670,362
2502,362
1811,362
4560,362
129,362
5231,362
584,362
3079,362
4513,362
6338,362
566,362
4019,361
1415,361
3082,361
5891,361
6235,361
5653,361
2246,361
1899,361
1900,361
914,361
5373,361
952,361
209,361
1908,361
5960,361
4434,361
1835,361
4435,361
6025,361
6082,361
5236,361
3045,361
713,361
4988,361
5824,361
3558,361
5055,361
3536,361
3717,361
3204,361
6014,361
5177,361
5172,361
3648,361
4935,361
5240,361
3078,361
4291,361
5129,361
4744,361
3993,361
1311,361
1076,361
97,361
1072,361
2598,361
3264,361
3388,361
4843,361
4844,361
4264,360
4841,360
3289,360
5322,360
3718,360
1463,360
5678,360
4937,360
2508,360
3884,360
1793,360
2034,360
2743,360
6148,360
5200,360
5000,360
2077,360
4204,360
2076,360
1255,360
4986,360
4512,360
2944,360
134,360
5559,360
2061,360
682,360
1696,360
5460,360
3738,360
143,360
5825,360
6270,360
708,360
3951,360
4899,360
1186,360
5964,360
1375,360
5963,360
2329,360
964,360
4693,360
5946,360
250,360
968,360
5112,360
5130,360
1143,360
1155,359
572,359
5136,359
5837,359
4139,359
2766,359
5545,359
1801,359
1777,359
3217,359
2593,359
433,359
6231,359
424,359
5213,359
3740,359
5181,359
5959,359
4489,359
680,359
5225,359
5033,359
401,359
4966,359
4296,359
1307,359
3822,359
488,359
74,359
2159,359
4552,359
249,359
610,359
902,359
1302,359
5679,359
1901,359
487,359
949,359
5868,359
5901,359
4161,359
3229,359
1206,358
6002,358
5873,358
5634,358
2711,358
3109,358
3220,358
1925,358
6115,358
1425,358
4202,358
3551,358
6080,358
2084,358
1256,358
973,358
3124,358
6149,358
2844,358
6288,358
5064,358
3654,358
3301,358
1942,358
6217,358
1257,358
5334,358
3195,358
1202,358
590,358
6147,358
649,358
5962,358
3968,358
3785,358
2392,358
5934,357
5988,357
6364,357
1962,357
5208,357
1087,357
2075,357
5956,357
3869,357
4555,357
5508,357
3092,357
3956,357
4811,357
5479,357
1095,357
1774,357
3375,357
4867,357
967,357
955,357
1480,357
754,357
3815,357
4884,357
818,357
4418,357
3228,357
4319,357
2391,357
2454,357
177,357
2847,357
6183,357
767,357
4049,357
5680,357
178,356
5001,356
2448,356
6309,356
5119,356
3382,356
5057,356
1465,356
4532,356
5118,356
3299,356
6043,356
3721,356
3892,356
1079,356
874,356
4805,356
4750,356
3093,356
5425,356
608,356
5681,356
3656,356
2336,356
4269,356
3996,356
6114,356
4324,356
131,356
4327,356
135,356
5048,356
6101,356
2990,356
5241,356
4485,356
5050,356
1691,356
877,355
277,355
5932,355
2453,355
5174,355
5092,355
3108,355
3859,355
876,355
2193,355
1416,355
3293,355
4069,355
5996,355
6186,355
3230,355
5871,355
4606,355
4022,355
556,355
4573,355
932,355
3768,355
4551,355
3775,355
2777,355
3383,355
2657,355
1378,355
3586,355
243,355
3767,355
286,355
4416,355
2537,355
4490,355
1414,355
3543,355
3391,355
278,355
6145,355
6367,354
4414,354
4545,354
1367,354
180,354
2781,354
3446,354
1100,354
5903,354
960,354
2604,354
707,354
5090,354
4057,354
3059,354
3162,354
3472,354
301,354
3739,354
5748,354
141,354
654,354
3297,354
2937,354
696,354
5572,354
4508,354
3439,354
4531,354
4229,354
4607,354
4542,354
470,354
2404,354
3222,354
4534,354
1802,354
3481,354
5467,354
4840,354
3715,354
2050,353
2767,353
5063,353
5943,353
2095,353
3811,353
5128,353
195,353
4677,353
6170,353
5049,353
6259,353
538,353
2449,353
6041,353
4047,353
440,353
2141,353
5968,353
280,353
2354,353
248,353
6290,353
5058,353
6011,353
3933,353
5872,353
5751,353
1151,353
4533,353
5483,353
1778,353
3370,353
1512,353
687,353
3294,353
1709,353
2206,352
898,352
6158,352
5109,352
3786,352
1731,352
4503,352
2780,352
1765,352
5817,352
653,352
5178,352
4692,352
4145,352
2443,352
567,352
3957,352
5482,352
5471,352
1253,352
5954,352
5581,352
156,352
246,352
196,352
976,352
6182,351
4086,351
3895,351
2530,351
2782,351
3725,351
3813,351
6040,351
5216,351
2709,351
683,351
5876,351
2843,351
4602,351
1049,351
4013,351
1269,351
3450,351
287,351
4015,351
6381,351
4320,351
2747,351
200,351
1467,351
1849,351
5897,351
570,351
5881,351
5877,351
4207,350
1331,350
5882,350
1328,350
6258,350
2205,350
6187,350
6181,350
2176,350
3303,350
3056,350
6055,350
4133,350
3800,350
406,350
4954,350
1048,350
1707,350
5017,350
2980,350
3227,350
4743,350
3438,350
3239,350
1837,350
3075,350
2783,350
3756,350
4196,349
2679,349
5182,349
2036,349
5453,349
403,349
402,349
2393,349
6230,349
4205,349
2981,349
350,349
1033,349
3233,349
3829,349
5005,349
6302,349
2060,349
4279,349
5683,349
993,349
3231,349
5944,349
1838,349
1377,349
4603,348
635,348
1374,348
197,348
6083,348
5238,348
1706,348
1718,348
5014,348
3651,348
2773,348
6348,348
6248,348
5690,348
4938,348
2129,348
1846,348
4439,348
4258,348
5538,348
2272,348
4554,348
3560,348
1376,348
934,348
6274,348
3389,348
753,347
5608,347
4003,347
1310,347
4065,347
279,347
3105,347
6184,347
1031,347
5134,347
5693,347
4495,347
5233,347
5991,347
1730,347
3831,347
5007,347
4135,347
4321,347
2602,347
5640,346
5749,346
3119,346
4136,346
2688,346
5029,346
5054,346
931,346
938,346
4947,346
1061,346
5677,346
5813,346
564,346
4129,346
1309,346
1471,346
1308,346
2851,346
5965,346
1032,346
4160,345
5818,345
6013,345
995,345
2078,345
6253,345
2560,345
4517,345
3750,345
6042,345
5423,345
5945,345
1020,345
652,345
2444,345
5066,345
5821,345
1198,345
6232,345
1030,345
5987,345
3790,345
3830,344
1912,344
2446,344
3488,344
1839,344
1026,344
4559,344
996,344
3818,344
6010,344
1675,344
3959,344
3349,344
6247,343
4011,343
5052,343
6246,343
607,343
3260,343
657,343
4687,343
4999,343
3817,343
5030,343
5898,343
3824,343
3773,343
4084,343
4137,343
2654,343
1102,343
4541,343
3374,343
711,343
6127,343
5949,343
618,343
305,342
5611,342
3995,342
300,342
1404,342
5487,342
1028,342
145,342
4127,342
669,342
3292,341
4509,341
5485,341
6250,341
1097,341
936,341
768,341
302,341
3805,341
1773,341
4842,341
3215,341
5892,341
1462,341
684,341
5032,341
2271,340
994,340
4158,340
3994,340
930,340
2387,340
1203,340
6271,340
1476,340
6144,340
1671,340
3781,340
700,340
199,340
3286,339
6291,339
3826,339
3706,339
4143,339
303,339
3652,339
4144,339
792,339
4218,339
4088,339
5992,339
5812,339
2806,339
3096,338
4210,338
2207,338
3290,338
1674,338
3782,338
5880,338
571,338
3724,337
1910,337
5034,337
6056,337
4566,337
5961,337
6172,337
6092,337
5685,337
4208,337
4002,337
5750,337
4146,337
935,337
1027,337
6009,337
6252,337
6251,337
3788,336
1379,336
194,336
1727,336
3291,336
750,336
2062,336
5035,336
4096,336
2204,336
3828,336
5893,336
2745,336
6370,335
4507,335
3553,335
3598,335
3348,335
2045,335
4132,335
5132,335
3232,335
1254,334
5214,334
6039,334
3386,334
6249,334
4066,334
3387,334
189,333
3234,333
1152,333
4553,333
2202,333
3992,333
4259,333
4412,333
4322,333
3554,332
5015,331
3752,331
933,331
1911,331
2273,331
712,330
4604,330
5878,330
3723,329
5478,329
253,329
3893,329
5637,329
2142,329
5686,329
5031,328
6369,328
3300,328
565,328
5133,328
5120,328
5896,328
3753,327
2432,326
3236,326
3447,326
2203,326
4224,326
6303,325
655,325
3557,325
4413,325
2445,324
1303,324
4518,324
3214,324
4567,323
4134,323
1536,323
2744,323
6012,322
5486,322
6272,322
956,322
5948,322
5632,321
4565,321
1792,321
1405,321
3820,321
5484,320
1098,320
2064,319
751,318
5895,318
1920,318
0,317
4568,315
128,315
1664,315
4736,315
3235,314
3328,314
3552,314
6016,313
384,313
3456,313
2048,311
5504,309
3840,308
5248,308
5376,307
3072,307
3584,306
4480,305
1025,303
256,302
2304,299
512,297
3556,297
4992,296
5888,296
3712,296
4352,296
896,295
3200,290
2816,288
1280,286
640,286
1024,285
4864,281
1408,280
5760,274
4608,273
